Constituency name,Country name,Constituency type,Member first name,Member surname,Result,First party,Second party,Electorate,Valid votes,Invalid votes,Majority,CON,LAB,LD,REF,GRN,SNP,PC,DUP,SF,SDLP,UUP,APNI,All other candidates,Of which other winner
Aldershot,England,Borough,Leo,Docherty,Con hold,CON,LAB,72617,47932,251,16698,27980,11282,6920,0,1750,0,0,0,0,0,0,0,0,0
Aldridge-Brownhills,England,Borough,Wendy,Morton,Con hold,CON,LAB,60138,39342,152,19836,27850,8014,2371,0,771,0,0,0,0,0,0,0,336,0
Altrincham and Sale West,England,Borough,Graham,Brady,Con hold,CON,LAB,73107,54763,173,6139,26311,20172,6036,0,1566,0,0,0,0,0,0,0,678,0
Amber Valley,England,County,Nigel,Mills,Con hold,CON,LAB,69976,45567,151,16886,29096,12210,2873,0,1388,0,0,0,0,0,0,0,0,0
Arundel and South Downs,England,County,Andrew,Griffith,Con hold,CON,LD,81726,61408,287,22521,35566,9722,13045,0,2519,0,0,0,0,0,0,0,556,0
Ashfield,England,County,Lee,Anderson,Con gain from Lab,CON,Ash,78204,48980,118,5733,19231,11971,1105,2501,674,0,0,0,0,0,0,0,13498,0
Ashford,England,County,Damian,Green,Con hold,CON,LAB,89553,60059,279,24029,37270,13241,6048,0,2638,0,0,0,0,0,0,0,862,0
Ashton-Under-Lyne,England,Borough,Angela,Rayner,Lab hold,LAB,CON,67978,38579,125,4263,14281,18544,1395,3151,1208,0,0,0,0,0,0,0,0,0
Aylesbury,England,County,Rob,Butler,Con hold,CON,LAB,86665,60576,279,17373,32737,15364,10081,0,2394,0,0,0,0,0,0,0,0,0
Banbury,England,County,Victoria,Prentis,Con hold,CON,LAB,90116,62921,355,16813,34148,17335,8831,0,2607,0,0,0,0,0,0,0,0,0
Barking,England,Borough,Margaret,Hodge,Lab hold,LAB,CON,77953,44499,120,15427,11792,27219,1482,3186,820,0,0,0,0,0,0,0,0,0
Barnsley Central,England,Borough,Daniel,Jarvis,Lab hold,LAB,REF,65277,36903,105,3571,7892,14804,1176,11233,900,0,0,0,0,0,0,0,898,0
Barnsley East,England,County,Stephanie,Peacock,Lab hold,LAB,REF,69504,38070,110,3217,10377,14329,1330,11112,922,0,0,0,0,0,0,0,0,0
Barrow and Furness,England,County,Simon,Fell,Con gain from Lab Coop,CON,LAB,70158,46046,92,5789,23876,18087,2025,1355,703,0,0,0,0,0,0,0,0,0
Basildon and Billericay,England,Borough,John,Baron,Con hold,CON,LAB,69906,44128,185,20412,29590,9178,3741,0,1395,0,0,0,0,0,0,0,224,0
Basingstoke,England,Borough,Maria,Miller,Con hold,CON,LAB,82928,54713,244,14198,29593,15395,6841,0,2138,0,0,0,0,0,0,0,746,0
Bassetlaw,England,County,Brendan,Clarke-Smith,Con gain from Lab,CON,LAB,80024,50841,211,14013,28078,14065,3332,5366,0,0,0,0,0,0,0,0,0,0
Bath,England,Borough,Wera,Hobhouse,LD hold,LD,CON,67805,52138,192,12322,16097,6639,28419,642,0,0,0,0,0,0,0,0,341,0
Batley and Spen,England,Borough,Tracy,Brabin,Lab hold,LAB,CON,79558,52927,104,3525,19069,22594,2462,1678,692,0,0,0,0,0,0,0,6432,0
Battersea,England,Borough,Marsha,De Cordova,Lab hold,LAB,CON,79350,59977,157,5668,21622,27290,9150,386,1529,0,0,0,0,0,0,0,0,0
Beaconsfield,England,County,Joy,Morrissey,Con hold,CON,Ind,77720,57868,167,15712,32477,5756,0,0,2033,0,0,0,0,0,0,0,17602,0
Beckenham,England,Borough,Bob,Stewart,Con hold,CON,LAB,68662,50555,236,14258,27282,13024,8194,0,2055,0,0,0,0,0,0,0,0,0
Bedford,England,Borough,Mohammad,Yasin,Lab hold,LAB,CON,71581,47301,140,145,20346,20491,4608,896,960,0,0,0,0,0,0,0,0,0
Bermondsey and Old Southwark,England,Borough,Neil,Coyle,Lab hold,LAB,LD,93248,58615,276,16126,9678,31723,15597,1617,0,0,0,0,0,0,0,0,0,0
Berwick-Upon-Tweed,England,County,Anne-Marie,Trevelyan,Con hold,CON,LAB,59939,42109,178,14835,23947,9112,7656,0,1394,0,0,0,0,0,0,0,0,0
Bethnal Green and Bow,England,Borough,Rushanara,Ali,Lab hold,LAB,CON,88262,60562,240,37524,6528,44052,5892,1081,2570,0,0,0,0,0,0,0,439,0
Beverley and Holderness,England,County,Graham,Stuart,Con hold,CON,LAB,79696,53542,248,20448,33250,12802,4671,0,1378,0,0,0,0,0,0,0,1441,0
Bexhill and Battle,England,County,Huw,Merriman,Con hold,CON,LAB,81963,59093,352,26059,37590,11531,7280,0,2692,0,0,0,0,0,0,0,0,0
Bexleyheath and Crayford,England,Borough,David,Evennett,Con hold,CON,LAB,65466,43246,167,13103,25856,12753,2819,0,1298,0,0,0,0,0,0,0,520,0
Birkenhead,England,Borough,Mick,Whitley,Lab hold,LAB,BSJP,63762,42329,73,17705,5540,24990,1620,1489,1405,0,0,0,0,0,0,0,7285,0
"Birmingham, Edgbaston",England,Borough,Preet Kaur,Gill,Lab hold,LAB,CON,68828,42328,149,5614,15603,21217,3349,1047,1112,0,0,0,0,0,0,0,0,0
"Birmingham, Erdington",England,Borough,Jack,Dromey,Lab hold,LAB,CON,66148,35229,92,3601,14119,17720,1301,1441,648,0,0,0,0,0,0,0,0,0
"Birmingham, Hall Green",England,Borough,Tahir,Ali,Lab hold,LAB,CON,80283,52911,180,28508,7381,35889,3673,877,818,0,0,0,0,0,0,0,4273,0
"Birmingham, Hodge Hill",England,Borough,Liam,Byrne,Lab hold,LAB,CON,78295,45003,131,28655,6742,35397,760,1519,328,0,0,0,0,0,0,0,257,0
"Birmingham, Ladywood",England,Borough,Shabana,Mahmood,Lab hold,LAB,CON,74912,42118,153,28582,4773,33355,2228,831,931,0,0,0,0,0,0,0,0,0
"Birmingham, Northfield",England,Borough,Gary,Sambrook,Con gain from Lab,CON,LAB,73694,43098,140,1640,19957,18317,1961,1655,954,0,0,0,0,0,0,0,254,0
"Birmingham, Perry Barr",England,Borough,Khalid,Mahmood,Lab hold,LAB,CON,72006,42147,115,15317,11277,26594,1901,1382,845,0,0,0,0,0,0,0,148,0
"Birmingham, Selly Oak",England,Borough,Stephen,McCabe,Lab hold,LAB,CON,82665,49467,160,12414,15300,27714,3169,1436,1848,0,0,0,0,0,0,0,0,0
"Birmingham, Yardley",England,Borough,Jess,Phillips,Lab hold,LAB,CON,74704,42678,107,10659,12720,23379,3754,2246,579,0,0,0,0,0,0,0,0,0
Bishop Auckland,England,County,Dehenna,Davison,Con gain from Lab,CON,LAB,68170,44805,131,7962,24067,16105,2133,2500,0,0,0,0,0,0,0,0,0,0
Blackburn,England,Borough,Kate,Hollern,Lab hold,LAB,CON,71234,44736,109,18304,10736,29040,1130,2770,741,0,0,0,0,0,0,0,319,0
Blackley and Broughton,England,Borough,Graham,Stringer,Lab hold,LAB,CON,73372,38618,142,14402,9485,23887,1590,2736,920,0,0,0,0,0,0,0,0,0
Blackpool North and Cleveleys,England,Borough,Paul,Maynard,Con hold,CON,LAB,63692,38804,130,8596,22364,13768,1494,0,735,0,0,0,0,0,0,0,443,0
Blackpool South,England,Borough,Scott,Benton,Con gain from Lab,CON,LAB,57690,32752,86,3690,16247,12557,1008,2009,563,0,0,0,0,0,0,0,368,0
Blaydon,England,Borough,Liz,Twist,Lab hold,LAB,CON,67853,45681,121,5531,14263,19794,3703,5833,1279,0,0,0,0,0,0,0,809,0
Blyth Valley,England,Borough,Ian,Levy,Con gain from Lab,CON,LAB,64429,40859,94,712,17440,16728,2151,3394,1146,0,0,0,0,0,0,0,0,0
Bognor Regis and Littlehampton,England,County,Nick,Gibb,Con hold,CON,LAB,77446,51223,208,22503,32521,10018,5645,0,1826,0,0,0,0,0,0,0,1213,0
Bolsover,England,County,Mark,Fletcher,Con gain from Lab,CON,LAB,74292,45938,151,5299,21791,16492,1759,4151,758,0,0,0,0,0,0,0,987,0
Bolton North East,England,Borough,Mark,Logan,Con gain from Lab,CON,LAB,67564,43556,112,378,19759,19381,1847,1880,689,0,0,0,0,0,0,0,0,0
Bolton South East,England,Borough,Yasmin,Qureshi,Lab hold,LAB,CON,69163,40604,111,7598,13918,21516,1411,2968,791,0,0,0,0,0,0,0,0,0
Bolton West,England,County,Chris,Green,Con hold,CON,LAB,73191,49298,163,8855,27255,18400,2704,0,939,0,0,0,0,0,0,0,0,0
Bootle,England,Borough,Peter,Dowd,Lab hold,LAB,CON,74832,49174,149,34556,4510,39066,1822,2610,1166,0,0,0,0,0,0,0,0,0
Boston and Skegness,England,County,Matt,Warman,Con hold,CON,LAB,69381,41696,175,25621,31963,6342,1963,0,0,0,0,0,0,0,0,0,1428,0
Bosworth,England,County,Luke,Evans,Con hold,CON,LAB,81542,56432,234,26278,36056,9778,9096,0,1502,0,0,0,0,0,0,0,0,0
Bournemouth East,England,Borough,Tobias,Ellwood,Con hold,CON,LAB,74125,49274,188,8806,24926,16120,5418,0,2049,0,0,0,0,0,0,0,761,0
Bournemouth West,England,Borough,Conor,Burns,Con hold,CON,LAB,74205,45977,211,10150,24550,14400,4931,0,2096,0,0,0,0,0,0,0,0,0
Bracknell,England,County,James,Sunderland,Con hold,CON,LAB,78978,54350,212,19829,31894,12065,7749,0,2089,0,0,0,0,0,0,0,553,0
Bradford East,England,Borough,Imran,Hussain,Lab hold,LAB,CON,73206,44184,91,18144,9681,27825,3316,2700,662,0,0,0,0,0,0,0,0,0
Bradford South,England,Borough,Judith,Cummins,Lab hold,LAB,CON,69046,39741,87,2346,16044,18390,1505,2819,983,0,0,0,0,0,0,0,0,0
Bradford West,England,Borough,Naz,Shah,Lab hold,LAB,CON,70694,44261,134,27019,6717,33736,1349,1556,813,0,0,0,0,0,0,0,90,0
Braintree,England,County,James,Cleverly,Con hold,CON,LAB,75208,50499,258,24673,34112,9439,4779,0,0,0,0,0,0,0,0,0,2169,0
Brent Central,England,Borough,Dawn,Butler,Lab hold,LAB,CON,84032,49132,224,20870,10909,31779,4844,0,1600,0,0,0,0,0,0,0,0,0
Brentford and Isleworth,England,Borough,Ruth,Cadbury,Lab hold,LAB,CON,85775,58326,145,10514,18752,29266,7314,1165,1829,0,0,0,0,0,0,0,0,0
Brent North,England,Borough,Barry,Gardiner,Lab hold,LAB,CON,83788,51879,199,8079,18832,26911,4065,951,850,0,0,0,0,0,0,0,270,0
Brentwood and Ongar,England,County,Alex,Burghart,Con hold,CON,LAB,75255,52949,238,29065,36308,7243,7187,0,1679,0,0,0,0,0,0,0,532,0
Bridgwater and West Somerset,England,County,Ian,Liddell-Grainger,Con hold,CON,LAB,85327,57652,279,24439,35827,11388,7805,0,1877,0,0,0,0,0,0,0,755,0
Brigg and Goole,England,County,Andrew,Percy,Con hold,CON,LAB,65939,43402,178,21941,30941,9000,2180,0,1281,0,0,0,0,0,0,0,0,0
"Brighton, Kemptown",England,Borough,Lloyd,Russell-Moyle,Lab hold,LAB,CON,69833,48533,140,8061,16972,25033,2964,1327,2237,0,0,0,0,0,0,0,0,0
"Brighton, Pavilion",England,Borough,Caroline,Lucas,Green hold,GRN,LAB,79057,57998,158,19940,10176,13211,0,770,33151,0,0,0,0,0,0,0,690,0
Bristol East,England,Borough,Kerry,McCarthy,Lab hold,LAB,CON,73867,52154,157,10794,16923,27717,3527,1881,2106,0,0,0,0,0,0,0,0,0
Bristol North West,England,Borough,Darren,Jones,Lab hold,LAB,CON,76273,55885,169,5692,21638,27330,4940,0,1977,0,0,0,0,0,0,0,0,0
Bristol South,England,Borough,Karin,Smyth,Lab hold,LAB,CON,84079,55196,181,9859,18036,27895,4227,2325,2713,0,0,0,0,0,0,0,0,0
Bristol West,England,Borough,Thangam,Debbonaire,Lab hold,LAB,GRN,99253,75528,355,28219,8822,47028,0,869,18809,0,0,0,0,0,0,0,0,0
Broadland,England,County,Jerome,Mayhew,Con hold,CON,LAB,78151,56977,197,21861,33934,12073,9195,0,1412,0,0,0,0,0,0,0,363,0
Bromley and Chislehurst,England,Borough,Robert,Neill,Con hold,CON,LAB,66697,45566,201,10891,23958,13067,6621,0,1546,0,0,0,0,0,0,0,374,0
Bromsgrove,England,County,Sajid,Javid,Con hold,CON,LAB,75078,54272,260,23106,34408,11302,6779,0,1783,0,0,0,0,0,0,0,0,0
Broxbourne,England,Borough,Charles,Walker,Con hold,CON,LAB,73182,46706,214,19807,30631,10824,3970,0,1281,0,0,0,0,0,0,0,0,0
Broxtowe,England,County,Darren,Henry,Con hold,CON,LAB,73052,55272,173,5331,26602,21271,0,0,1806,0,0,0,0,0,0,0,5593,0
Buckingham,England,County,Greg,Smith,Con gain from Spk,CON,LD,83146,63458,241,20411,37035,7638,16624,1286,0,0,0,0,0,0,0,0,875,0
Burnley,England,Borough,Antony,Higginbotham,Con gain from Lab,CON,LAB,64345,38984,91,1352,15720,14368,3501,3362,739,0,0,0,0,0,0,0,1294,0
Burton,England,County,Kate,Griffiths,Con hold,CON,LAB,75036,48738,212,14496,29560,15064,2681,0,1433,0,0,0,0,0,0,0,0,0
Bury North,England,Borough,James,Daly,Con gain from Lab,CON,LAB,68802,46841,111,105,21660,21555,1584,1240,802,0,0,0,0,0,0,0,0,0
Bury South,England,Borough,Christian,Wakeford,Con gain from Lab,CON,LAB,75152,50274,103,402,22034,21632,2315,1672,848,0,0,0,0,0,0,0,1773,0
Bury St Edmunds,England,County,Jo,Churchill,Con hold,CON,LAB,89644,61957,288,24988,37770,12782,0,0,9711,0,0,0,0,0,0,0,1694,0
Calder Valley,England,County,Craig,Whittaker,Con hold,CON,LAB,79287,57793,273,5774,29981,24207,2884,0,0,0,0,0,0,0,0,0,721,0
Camberwell and Peckham,England,Borough,Harriet,Harman,Lab hold,LAB,CON,88971,56492,246,33780,6478,40258,5087,1041,3501,0,0,0,0,0,0,0,127,0
Camborne and Redruth,England,County,George,Eustice,Con hold,CON,LAB,70250,50367,175,8700,26764,18064,3504,0,1359,0,0,0,0,0,0,0,676,0
Cambridge,England,Borough,Daniel,Zeichner,Lab hold,LAB,LD,79951,53729,162,9639,8342,25776,16137,1041,2164,0,0,0,0,0,0,0,269,0
Cannock Chase,England,County,Amanda,Milling,Con hold,CON,LAB,74813,46313,226,19879,31636,11757,0,0,2920,0,0,0,0,0,0,0,0,0
Canterbury,England,County,Rosemary,Duffield,Lab hold,LAB,CON,80203,60113,240,1836,27182,29018,3408,0,0,0,0,0,0,0,0,0,505,0
Carlisle,England,County,John,Stevenson,Con hold,CON,LAB,65105,42873,195,8319,23659,15340,2829,0,0,0,0,0,0,0,0,0,1045,0
Carshalton and Wallington,England,Borough,Elliot,Colburn,Con gain from LD,CON,LD,72941,49098,125,629,20822,6081,20193,1043,759,0,0,0,0,0,0,0,200,0
Castle Point,England,Borough,Rebecca,Harris,Con hold,CON,LAB,69608,44277,296,26634,33971,7337,2969,0,0,0,0,0,0,0,0,0,0,0
Central Devon,England,County,Mel,Stride,Con hold,CON,LAB,74296,58072,347,17721,32095,14374,8770,0,2833,0,0,0,0,0,0,0,0,0
Central Suffolk and North Ipswich,England,County,Dan,Poulter,Con hold,CON,LAB,80037,56250,274,23391,35253,11862,6485,0,2650,0,0,0,0,0,0,0,0,0
Charnwood,England,County,Edward,Argar,Con hold,CON,LAB,79534,55365,266,22397,35121,12724,4856,0,2664,0,0,0,0,0,0,0,0,0
Chatham and Aylesford,England,County,Tracey,Crouch,Con hold,CON,LAB,71642,43340,159,18540,28856,10316,2866,0,1090,0,0,0,0,0,0,0,212,0
Cheadle,England,Borough,Mary,Robinson,Con hold,CON,LD,74577,55903,215,2336,25694,6851,23358,0,0,0,0,0,0,0,0,0,0,0
Chelmsford,England,Borough,Vicky,Ford,Con hold,CON,LD,80394,57122,224,17621,31934,10295,14313,0,0,0,0,0,0,0,0,0,580,0
Chelsea and Fulham,England,Borough,Greg,Hands,Con hold,CON,LD,67110,46821,150,11241,23345,10872,12104,0,0,0,0,0,0,0,0,0,500,0
Cheltenham,England,Borough,Alex,Chalk,Con hold,CON,LD,81044,59357,153,981,28486,2921,27505,0,0,0,0,0,0,0,0,0,445,0
Chesham and Amersham,England,County,Cheryl,Gillan,Con hold,CON,LD,72542,55685,289,16223,30850,7166,14627,0,3042,0,0,0,0,0,0,0,0,0
Chesterfield,England,Borough,Toby,Perkins,Lab hold,LAB,CON,71034,45186,136,1451,16720,18171,3985,4771,1148,0,0,0,0,0,0,0,391,0
Chichester,England,County,Gillian,Keegan,Con hold,CON,LD,85499,61243,251,21490,35402,9069,13912,0,2527,0,0,0,0,0,0,0,333,0
Chingford and Woodford Green,England,County,Iain,Duncan Smith,Con hold,CON,LAB,65393,48444,235,1262,23481,22219,2744,0,0,0,0,0,0,0,0,0,0,0
Chippenham,England,County,Michelle,Donelan,Con hold,CON,LD,77221,57099,321,11288,30994,6399,19706,0,0,0,0,0,0,0,0,0,0,0
Chipping Barnet,England,Borough,Theresa,Villiers,Con hold,CON,LAB,79960,57569,193,1212,25745,24533,5932,0,1288,0,0,0,0,0,0,0,71,0
Chorley,England,County,Lindsay,Hoyle,Lab hold,LAB,Ind,77072,39870,1303,17392,9439,26831,0,0,3600,0,0,0,0,0,0,0,36270,
Christchurch,England,County,Christopher,Chope,Con hold,CON,LD,71520,51951,297,24617,33894,6568,9277,0,2212,0,0,0,0,0,0,0,0,0
Cities Of London and Westminster,England,Borough,Nickie,Aiken,Con hold,CON,LD,63700,42723,140,3953,17049,11624,13096,0,728,0,0,0,0,0,0,0,226,0
City Of Chester,England,County,Christian,Matheson,Lab hold,LAB,CON,76057,54560,137,6164,20918,27082,3734,1388,1438,0,0,0,0,0,0,0,0,0
City Of Durham,England,County,Mary,Foy,Lab hold,LAB,CON,71271,48859,175,5025,15506,20531,7935,3252,1635,0,0,0,0,0,0,0,0,0
Clacton,England,County,Giles,Watling,Con hold,CON,LAB,70930,43506,116,24702,31438,6736,2541,0,1225,0,0,0,0,0,0,0,1566,0
Cleethorpes,England,County,Martin,Vickers,Con hold,CON,LAB,73689,46339,226,21418,31969,10551,2535,0,1284,0,0,0,0,0,0,0,0,0
Colchester,England,Borough,Will,Quince,Con hold,CON,LAB,82625,53373,190,9423,26917,17494,7432,0,1530,0,0,0,0,0,0,0,0,0
Colne Valley,England,County,Jason,McCartney,Con gain from Lab,CON,LAB,84174,60892,228,5103,29482,24379,3815,1268,1068,0,0,0,0,0,0,0,880,0
Congleton,England,County,Fiona,Bruce,Con hold,CON,LAB,80930,57233,193,18561,33747,15186,6026,0,1616,0,0,0,0,0,0,0,658,0
Copeland,England,County,Trudy,Harrison,Con hold,CON,LAB,61693,42523,173,5842,22856,17014,1888,0,765,0,0,0,0,0,0,0,0,0
Corby,England,County,Tom,Pursglove,Con hold,CON,LAB,86153,60475,265,10268,33410,23142,3923,0,0,0,0,0,0,0,0,0,0,0
Coventry North East,England,Borough,Colleen,Fletcher,Lab hold,LAB,CON,76006,44444,127,7692,15720,23412,2061,2110,1141,0,0,0,0,0,0,0,0,0
Coventry North West,England,Borough,Taiwo,Owatemi,Lab hold,LAB,CON,75247,47744,144,208,20710,20918,2717,1956,1443,0,0,0,0,0,0,0,0,0
Coventry South,England,Borough,Zarah,Sultana,Lab hold,LAB,CON,70979,45044,138,401,19143,19544,3398,1432,1092,0,0,0,0,0,0,0,435,0
Crawley,England,Borough,Henry,Smith,Con hold,CON,LAB,74207,49899,193,8360,27040,18680,2728,0,1451,0,0,0,0,0,0,0,0,0
Crewe and Nantwich,England,County,Kieran,Mullan,Con gain from Lab,CON,LAB,80321,54032,123,8508,28704,20196,2618,1390,975,0,0,0,0,0,0,0,149,0
Croydon Central,England,Borough,Sarah,Jones,Lab hold,LAB,CON,81407,54045,135,5949,21175,27124,3532,999,1215,0,0,0,0,0,0,0,0,0
Croydon North,England,Borough,Steve,Reed,Lab hold,LAB,CON,88468,55609,167,24673,11822,36495,4476,839,1629,0,0,0,0,0,0,0,348,0
Croydon South,England,Borough,Chris,Philp,Con hold,CON,LAB,83982,59358,222,12339,30985,18646,7503,0,1782,0,0,0,0,0,0,0,442,0
Dagenham and Rainham,England,Borough,Jon,Cruddas,Lab hold,LAB,CON,71045,43735,127,293,19175,19468,1182,2887,602,0,0,0,0,0,0,0,421,0
Darlington,England,Borough,Peter,Gibson,Con gain from Lab,CON,LAB,66397,43498,81,3294,20901,17607,2097,1544,1057,0,0,0,0,0,0,0,292,0
Dartford,England,County,Gareth,Johnson,Con hold,CON,LAB,82209,54023,280,19160,34006,14846,3736,0,1435,0,0,0,0,0,0,0,0,0
Daventry,England,County,Chris,Heaton-Harris,Con hold,CON,LAB,77423,57403,246,26080,37055,10975,7032,0,2341,0,0,0,0,0,0,0,0,0
Denton and Reddish,England,Borough,Andrew,Gwynne,Lab hold,LAB,CON,66234,38588,106,6175,13142,19317,1642,3039,1124,0,0,0,0,0,0,0,324,0
Derby North,England,Borough,Amanda,Solloway,Con gain from Lab,CON,LAB,73199,47017,111,2540,21259,18719,3450,1908,1046,0,0,0,0,0,0,0,635,0
Derbyshire Dales,England,County,Sarah,Dines,Con hold,CON,LAB,65080,50016,211,17381,29356,11975,6627,0,2058,0,0,0,0,0,0,0,0,0
Derby South,England,Borough,Margaret,Beckett,Lab hold,LAB,CON,73062,42462,137,6019,15671,21690,2621,2480,0,0,0,0,0,0,0,0,0,0
Devizes,England,County,Danny,Kruger,Con hold,CON,LD,73372,50954,269,23993,32150,7838,8157,0,2809,0,0,0,0,0,0,0,0,0
Dewsbury,England,County,Mark,Eastwood,Con gain from Lab,CON,LAB,81253,56389,272,1561,26179,24618,2406,1874,1060,0,0,0,0,0,0,0,252,0
Doncaster Central,England,Borough,Rosie,Winterton,Lab hold,LAB,CON,71389,41581,108,2278,14360,16638,1748,6842,981,0,0,0,0,0,0,0,1012,0
Doncaster North,England,County,Edward,Miliband,Lab hold,LAB,CON,72362,40698,95,2370,13370,15740,1476,8294,0,0,0,0,0,0,0,0,1818,0
Don Valley,England,County,Nick,Fletcher,Con gain from Lab,CON,LAB,75356,45437,82,3630,19609,15979,1907,6247,872,0,0,0,0,0,0,0,823,0
Dover,England,County,Natalie,Elphicke,Con hold,CON,LAB,76355,50701,219,12278,28830,16552,2895,0,1371,0,0,0,0,0,0,0,1053,0
Dudley North,England,Borough,Marco,Longhi,Con gain from Lab,CON,LAB,61936,36684,156,11533,23134,11601,1210,0,739,0,0,0,0,0,0,0,0,0
Dudley South,England,Borough,Mike,Wood,Con hold,CON,LAB,60731,36576,163,15565,24835,9270,1608,0,863,0,0,0,0,0,0,0,0,0
Dulwich and West Norwood,England,Borough,Helen,Hayes,Lab hold,LAB,GRN,80331,55778,236,27310,9160,36521,0,571,9211,0,0,0,0,0,0,0,315,0
Ealing Central and Acton,England,Borough,Rupa,Huq,Lab hold,LAB,CON,75510,54807,162,13300,14832,28132,9444,664,1735,0,0,0,0,0,0,0,0,0
Ealing North,England,Borough,James,Murray,Lab hold,LAB,CON,74473,49631,224,12269,15767,28036,4370,0,1458,0,0,0,0,0,0,0,0,0
"Ealing, Southall",England,Borough,Virendra,Sharma,Lab hold,LAB,CON,64581,42217,203,16084,9594,25678,3933,867,1688,0,0,0,0,0,0,0,457,0
Easington,England,County,Grahame,Morris,Lab hold,LAB,CON,61182,34583,122,6581,9142,15723,1526,6744,0,0,0,0,0,0,0,0,1448,0
Eastbourne,England,Borough,Caroline,Ansell,Con gain from LD,CON,LD,79307,55134,121,4331,26951,3848,22620,1530,0,0,0,0,0,0,0,0,185,0
East Devon,England,County,Simon,Jupp,Con hold,CON,Ind,87168,64073,150,6708,32577,2870,1771,0,711,0,0,0,0,0,0,0,26144,0
East Ham,England,Borough,Stephen,Timms,Lab hold,LAB,CON,88319,54628,174,33176,8527,41703,2158,1107,883,0,0,0,0,0,0,0,250,0
East Hampshire,England,County,Damian,Hinds,Con hold,CON,LD,76478,56895,199,19696,33446,6287,13750,0,2600,0,0,0,0,0,0,0,812,0
Eastleigh,England,Borough,Paul,Holmes,Con hold,CON,LD,83880,58971,186,15607,32690,7559,17083,0,1639,0,0,0,0,0,0,0,0,0
East Surrey,England,County,Claire,Coutinho,Con hold,CON,LD,83148,59690,235,24040,35624,8247,11584,0,2340,0,0,0,0,0,0,0,1895,0
East Worthing and Shoreham,England,County,Tim,Loughton,Con hold,CON,LAB,75194,53128,188,7474,27107,19633,4127,0,2006,0,0,0,0,0,0,0,255,0
East Yorkshire,England,County,Greg,Knight,Con hold,CON,LAB,80923,52769,205,22787,33988,11201,4219,0,1675,0,0,0,0,0,0,0,1686,0
Eddisbury,England,County,Edward,Timpson,Con hold,CON,LAB,73700,52971,143,18443,30095,11652,9582,0,1191,0,0,0,0,0,0,0,451,0
Edmonton,England,Borough,Kate,Osamor,Lab hold,LAB,CON,65747,40341,148,16015,10202,26217,2145,840,862,0,0,0,0,0,0,0,75,0
Ellesmere Port and Neston,England,County,Justin,Madders,Lab hold,LAB,CON,70327,48746,128,8764,17237,26001,2406,2138,964,0,0,0,0,0,0,0,0,0
Elmet and Rothwell,England,County,Alec,Shelbrooke,Con hold,CON,LAB,80957,58225,187,17353,33726,16373,5155,0,1775,0,0,0,0,0,0,0,1196,0
Eltham,England,Borough,Clive,Efford,Lab hold,LAB,CON,64086,43689,114,3197,17353,20550,2941,1523,1322,0,0,0,0,0,0,0,0,0
Enfield North,England,Borough,Feryal,Clark,Lab hold,LAB,CON,68301,45050,132,6492,16848,23340,2950,797,1115,0,0,0,0,0,0,0,0,0
"Enfield, Southgate",England,Borough,Bambos,Charalambous,Lab hold,LAB,CON,65525,47276,127,4450,18473,22923,4344,494,1042,0,0,0,0,0,0,0,0,0
Epping Forest,England,County,Eleanor,Laing,Con hold,CON,LAB,74304,50268,269,22173,32364,10191,5387,0,1975,0,0,0,0,0,0,0,351,0
Epsom and Ewell,England,Borough,Chris,Grayling,Con hold,CON,LD,81138,59451,254,17873,31819,10226,13946,0,2047,0,0,0,0,0,0,0,1413,0
Erewash,England,County,Maggie,Throup,Con hold,CON,LAB,72523,48814,168,10606,27560,16954,2487,0,1115,0,0,0,0,0,0,0,698,0
Erith and Thamesmead,England,Borough,Abena,Oppong-Asare,Lab hold,LAB,CON,65399,41384,115,3758,16124,19882,1984,2246,876,0,0,0,0,0,0,0,272,0
Esher and Walton,England,Borough,Dominic,Raab,Con hold,CON,LD,81184,63084,163,2743,31132,2838,28389,0,0,0,0,0,0,0,0,0,725,0
Exeter,England,Borough,Ben,Bradshaw,Lab hold,LAB,CON,82054,56192,221,10403,19479,29882,0,1428,4838,0,0,0,0,0,0,0,565,0
Fareham,England,County,Suella,Braverman,Con hold,CON,LAB,78337,57250,286,26086,36459,10373,8006,0,2412,0,0,0,0,0,0,0,0,0
Faversham and Mid Kent,England,County,Helen,Whately,Con hold,CON,LAB,73403,50394,189,21976,31864,9888,6170,0,2103,0,0,0,0,0,0,0,369,0
Feltham and Heston,England,Borough,Seema,Malhotra,Lab hold,LAB,CON,80934,47811,146,7859,17017,24876,3127,1658,1133,0,0,0,0,0,0,0,0,0
Filton and Bradley Stoke,England,County,Jack,Lopresti,Con hold,CON,LAB,74016,53752,194,5646,26293,20647,4992,0,1563,0,0,0,0,0,0,0,257,0
Finchley and Golders Green,England,Borough,Mike,Freer,Con hold,CON,LD,77573,55109,213,6562,24162,13347,17600,0,0,0,0,0,0,0,0,0,0,0
Folkestone and Hythe,England,County,Damian,Collins,Con hold,CON,LAB,88272,59005,260,21337,35483,14146,5755,0,2706,0,0,0,0,0,0,0,915,0
Forest Of Dean,England,County,Mark,Harper,Con hold,CON,LAB,71438,51475,230,15869,30680,14811,0,0,4681,0,0,0,0,0,0,0,1303,0
Fylde,England,County,Mark,Menzies,Con hold,CON,LAB,66847,46659,162,16611,28432,11821,3748,0,1731,0,0,0,0,0,0,0,927,0
Gainsborough,England,County,Edward,Leigh,Con hold,CON,LAB,76343,51046,259,22967,33893,10926,5157,0,0,0,0,0,0,0,0,0,1070,0
Garston and Halewood,England,Borough,Maria,Eagle,Lab hold,LAB,CON,76116,53326,147,31624,6954,38578,3324,2943,1183,0,0,0,0,0,0,0,344,0
Gateshead,England,Borough,Ian,Mearns,Lab hold,LAB,CON,64449,38145,221,7200,13250,20450,2792,0,1653,0,0,0,0,0,0,0,0,0
Gedling,England,County,Tom,Randall,Con gain from Lab,CON,LAB,71336,49953,144,679,22718,22039,2279,1820,1097,0,0,0,0,0,0,0,0,0
Gillingham and Rainham,England,Borough,Rehman,Chishti,Con hold,CON,LAB,73549,45958,138,15119,28173,13054,2503,0,1043,0,0,0,0,0,0,0,1185,0
Gloucester,England,Borough,Richard,Graham,Con hold,CON,LAB,81319,53764,200,10277,29159,18882,4338,0,1385,0,0,0,0,0,0,0,0,0
Gosport,England,Borough,Caroline,Dinenage,Con hold,CON,LAB,73541,48453,225,23278,32226,8948,5473,0,1806,0,0,0,0,0,0,0,0,0
Grantham and Stamford,England,County,Gareth,Davies,Con hold,CON,LAB,81502,56003,305,26003,36794,10791,6153,0,2265,0,0,0,0,0,0,0,0,0
Gravesham,England,County,Adam,Holloway,Con hold,CON,LAB,73242,47560,174,15581,29580,13999,2584,0,1397,0,0,0,0,0,0,0,0,0
Great Grimsby,England,Borough,Lia,Nici,Con gain from Lab,CON,LAB,61409,33087,71,7331,18150,10819,1070,2378,514,0,0,0,0,0,0,0,156,0
Great Yarmouth,England,County,Brandon,Lewis,Con hold,CON,LAB,71957,43462,165,17663,28593,10930,1661,0,1064,0,0,0,0,0,0,0,1214,0
Greenwich and Woolwich,England,Borough,Matthew,Pennycook,Lab hold,LAB,CON,79997,53120,174,18464,11721,30185,7253,1228,2363,0,0,0,0,0,0,0,370,0
Guildford,England,County,Angela,Richardson,Con hold,CON,LD,77729,58651,152,3337,26317,4515,22980,0,0,0,0,0,0,0,0,0,4839,0
Hackney North and Stoke Newington,England,Borough,Diane,Abbott,Lab hold,LAB,CON,92462,56864,244,33188,6784,39972,4283,609,4989,0,0,0,0,0,0,0,227,0
Hackney South and Shoreditch,England,Borough,Meg,Hillier,Lab hold,LAB,CON,89387,54439,182,33985,5899,39884,4853,744,2948,0,0,0,0,0,0,0,111,0
Halesowen and Rowley Regis,England,Borough,James,Morris,Con hold,CON,LAB,68300,42345,132,12074,25607,13533,1738,0,934,0,0,0,0,0,0,0,533,0
Halifax,England,Borough,Holly,Lynch,Lab hold,LAB,CON,71887,46458,134,2569,18927,21496,2276,2813,946,0,0,0,0,0,0,0,0,0
Haltemprice and Howden,England,County,David,Davis,Con hold,CON,LAB,71083,49779,249,20329,31045,10716,5215,0,1764,0,0,0,0,0,0,0,1039,0
Halton,England,County,Derek,Twigg,Lab hold,LAB,CON,71930,46203,143,18975,10358,29333,1800,3730,982,0,0,0,0,0,0,0,0,0
Hammersmith,England,Borough,Andy,Slaughter,Lab hold,LAB,CON,74759,51966,190,17847,12227,30074,6947,974,1744,0,0,0,0,0,0,0,0,0
Hampstead and Kilburn,England,Borough,Tulip,Siddiq,Lab hold,LAB,CON,86571,57385,191,14188,13892,28080,13121,684,1608,0,0,0,0,0,0,0,0,0
Harborough,England,County,Neil,O'Brien,Con hold,CON,LAB,80151,57319,212,17278,31698,14420,9103,0,1709,0,0,0,0,0,0,0,389,0
Harlow,England,County,Robert,Halfon,Con hold,CON,LAB,68078,43354,236,14063,27510,13447,2397,0,0,0,0,0,0,0,0,0,0,0
Harrogate and Knaresborough,England,County,Andrew,Jones,Con hold,CON,LD,77941,56937,167,9675,29962,5480,20287,0,0,0,0,0,0,0,0,0,1208,0
Harrow East,England,Borough,Bob,Blackman,Con hold,CON,LAB,72106,49491,237,8170,26935,18765,3791,0,0,0,0,0,0,0,0,0,0,0
Harrow West,England,Borough,Gareth,Thomas,Lab hold,LAB,CON,72464,47922,158,8692,16440,25132,4310,931,1109,0,0,0,0,0,0,0,0,0
Hartlepool,England,Borough,Mike,Hill,Lab hold,LAB,CON,70855,41037,119,3595,11869,15464,1696,10603,0,0,0,0,0,0,0,0,1405,0
Harwich and North Essex,England,County,Bernard,Jenkin,Con hold,CON,LAB,74153,51963,162,20182,31830,11648,5866,0,1945,0,0,0,0,0,0,0,674,0
Hastings and Rye,England,County,Sally-Ann,Hart,Con hold,CON,LAB,80524,54274,262,4043,26896,22853,3960,0,0,0,0,0,0,0,0,0,565,0
Havant,England,Borough,Alan,Mak,Con hold,CON,LAB,72103,45959,202,21792,30051,8259,5708,0,1597,0,0,0,0,0,0,0,344,0
Hayes and Harlington,England,Borough,John,McDonnell,Lab hold,LAB,CON,72357,43994,108,9261,15284,24545,1947,1292,739,0,0,0,0,0,0,0,187,0
Hazel Grove,England,County,William,Wragg,Con hold,CON,LD,63346,44269,203,4423,21592,5508,17169,0,0,0,0,0,0,0,0,0,0,0
Hemel Hempstead,England,County,Mike,Penning,Con hold,CON,LAB,74035,51271,207,14563,28968,14405,6317,0,1581,0,0,0,0,0,0,0,0,0
Hemsworth,England,County,Jon,Trickett,Lab hold,LAB,CON,73726,43907,129,1180,15280,16460,1734,5930,916,0,0,0,0,0,0,0,3587,0
Hendon,England,Borough,Matthew,Offord,Con hold,CON,LAB,82661,55075,133,4230,26878,22648,4628,0,921,0,0,0,0,0,0,0,0,0
Henley,England,County,John,Howell,Con hold,CON,LD,76646,58759,281,14053,32189,5698,18136,0,2736,0,0,0,0,0,0,0,0,0
Hereford and South Herefordshire,England,County,Jesse,Norman,Con hold,CON,LAB,72085,49646,207,19686,30390,10704,6181,0,2371,0,0,0,0,0,0,0,0,0
Hertford and Stortford,England,County,Julie,Marson,Con hold,CON,LAB,81765,60094,229,19620,33712,14092,8596,0,2705,0,0,0,0,0,0,0,989,0
Hertsmere,England,County,Oliver,Dowden,Con hold,CON,LAB,73971,52203,268,21313,32651,11338,6561,0,1653,0,0,0,0,0,0,0,0,0
Hexham,England,County,Guy,Opperman,Con hold,CON,LAB,61324,46150,180,10549,25152,14603,4672,0,1723,0,0,0,0,0,0,0,0,0
Heywood and Middleton,England,County,Chris,Clarkson,Con gain from Lab,CON,LAB,80162,47488,153,663,20453,19790,2073,3952,1220,0,0,0,0,0,0,0,0,0
High Peak,England,County,Robert,Largan,Con gain from Lab,CON,LAB,74265,54173,141,590,24844,24254,2750,1177,1148,0,0,0,0,0,0,0,0,0
Hitchin and Harpenden,England,County,Bim,Afolami,Con hold,CON,LD,76323,58871,266,6895,27719,9959,20824,0,0,0,0,0,0,0,0,0,369,0
Holborn and St Pancras,England,Borough,Keir,Starmer,Lab hold,LAB,CON,86061,56786,232,27763,8878,36641,7314,1032,2746,0,0,0,0,0,0,0,175,0
Hornchurch and Upminster,England,Borough,Julia,Lopez,Con hold,CON,LAB,80765,53974,253,23308,35495,12187,3862,0,1920,0,0,0,0,0,0,0,510,0
Hornsey and Wood Green,England,Borough,Catherine,West,Lab hold,LAB,LD,81814,61105,197,19242,6829,35126,15884,763,2192,0,0,0,0,0,0,0,311,0
Horsham,England,County,Jeremy,Quin,Con hold,CON,LD,86730,63242,307,21127,35900,9424,14773,0,2668,0,0,0,0,0,0,0,477,0
Houghton and Sunderland South,England,Borough,Bridget,Phillipson,Lab hold,LAB,CON,68835,39811,129,3115,13095,16210,2319,6165,1125,0,0,0,0,0,0,0,897,0
Hove,England,Borough,Peter,Kyle,Lab hold,LAB,CON,74313,56391,151,17044,15832,32876,3731,1111,2496,0,0,0,0,0,0,0,345,0
Huddersfield,England,Borough,Barry,Sheerman,Lab hold,LAB,CON,65525,41882,216,4937,15572,20509,2367,1666,1768,0,0,0,0,0,0,0,0,0
Huntingdon,England,County,Jonathan,Djanogly,Con hold,CON,LAB,84657,59147,266,19383,32386,13003,9432,0,2233,0,0,0,0,0,0,0,2093,0
Hyndburn,England,Borough,Sara,Britcliffe,Con gain from Lab,CON,LAB,70842,42406,137,2951,20565,17614,1226,2156,845,0,0,0,0,0,0,0,0,0
Ilford North,England,Borough,Wes,Streeting,Lab hold,LAB,CON,72973,50114,117,5218,20105,25323,2680,960,845,0,0,0,0,0,0,0,201,0
Ilford South,England,Borough,Sam,Tarry,Lab hold,LAB,CON,84972,53477,178,24101,10984,35085,1795,1008,714,0,0,0,0,0,0,0,3891,0
Ipswich,England,Borough,Tom,Hunt,Con gain from Lab,CON,LAB,75525,49579,116,5479,24952,19473,2439,1432,1283,0,0,0,0,0,0,0,0,0
Isle Of Wight,England,County,Bob,Seely,Con hold,CON,LAB,113021,74442,247,23737,41815,18078,0,0,11338,0,0,0,0,0,0,0,3211,0
Islington North,England,Borough,Jeremy,Corbyn,Lab hold,LAB,LD,75162,53805,227,26188,5483,34603,8415,742,4326,0,0,0,0,0,0,0,236,0
Islington South and Finsbury,England,Borough,Emily,Thornberry,Lab hold,LAB,LD,70489,47816,171,17328,8045,26897,9569,1136,1987,0,0,0,0,0,0,0,182,0
Jarrow,England,Borough,Kate,Osborne,Lab hold,LAB,CON,65103,40736,91,7120,11243,18363,2360,4122,831,0,0,0,0,0,0,0,3817,0
Keighley,England,County,Robbie,Moore,Con gain from Lab,CON,LAB,72778,52600,276,2218,25298,23080,2573,850,0,0,0,0,0,0,0,0,799,0
Kenilworth and Southam,England,County,Jeremy,Wright,Con hold,CON,LD,68154,52597,211,20353,30351,9440,9998,0,2351,0,0,0,0,0,0,0,457,0
Kensington,England,Borough,Felicity,Buchan,Con gain from Lab,CON,LAB,64609,43762,92,150,16768,16618,9312,384,535,0,0,0,0,0,0,0,145,0
Kettering,England,County,Philip,Hollobone,Con hold,CON,LAB,73164,49361,155,16765,29787,13022,3367,0,1543,0,0,0,0,0,0,0,1642,0
Kingston and Surbiton,England,Borough,Edward,Davey,LD hold,LD,CON,81975,60846,135,10489,20614,6528,31103,788,1038,0,0,0,0,0,0,0,775,0
Kingston upon Hull East,England,Borough,Karl,Turner,Lab hold,LAB,CON,65745,32442,107,1239,11474,12713,1707,5764,784,0,0,0,0,0,0,0,0,0
Kingston upon Hull North,England,Borough,Diana,Johnson,Lab hold,LAB,CON,65515,34203,112,7593,9440,17033,2084,4771,875,0,0,0,0,0,0,0,0,0
Kingston upon Hull West and Hessle,England,Borough,Emma,Hardy,Lab hold,LAB,CON,60192,31356,80,2856,10528,13384,1756,5638,50,0,0,0,0,0,0,0,0,0
Kingswood,England,Borough,Chris,Skidmore,Con hold,CON,LAB,68972,49314,145,11220,27712,16492,3421,0,1200,0,0,0,0,0,0,0,489,0
Knowsley,England,Borough,George,Howarth,Lab hold,LAB,CON,84082,54938,133,39942,4432,44374,1117,3348,1262,0,0,0,0,0,0,0,405,0
Lancaster and Fleetwood,England,County,Cat,Smith,Lab hold,LAB,CON,70059,45219,128,2380,18804,21184,2018,1817,1396,0,0,0,0,0,0,0,0,0
Leeds Central,England,Borough,Hilary,Benn,Lab hold,LAB,CON,90971,49284,160,19270,11143,30413,2343,2999,2105,0,0,0,0,0,0,0,281,0
Leeds East,England,Borough,Richard,Burgon,Lab hold,LAB,CON,67286,39052,120,5531,13933,19464,1796,2981,878,0,0,0,0,0,0,0,0,0
Leeds North East,England,Borough,Fabian,Hamilton,Lab hold,LAB,CON,70580,50500,531,17089,11935,29024,5665,1769,1931,0,0,0,0,0,0,0,176,0
Leeds North West,England,Borough,Alex,Sobel,Lab hold,LAB,CON,67741,49283,138,10749,13222,23971,9397,1304,1389,0,0,0,0,0,0,0,0,0
Leeds West,England,Borough,Rachel,Reeves,Lab hold,LAB,CON,67727,40281,121,10564,11622,22186,1787,2685,1274,0,0,0,0,0,0,0,727,0
Leicester East,England,Borough,Claudia,Webbe,Lab hold,LAB,CON,78433,49421,259,6019,19071,25090,2800,1243,888,0,0,0,0,0,0,0,329,0
Leicester South,England,Borough,Jonathan,Ashworth,Lab hold,LAB,CON,77708,50147,192,22675,10931,33606,2754,1187,1669,0,0,0,0,0,0,0,0,0
Leicester West,England,Borough,Liz,Kendall,Lab hold,LAB,CON,64940,34775,151,4212,13079,17291,1808,1620,977,0,0,0,0,0,0,0,0,0
Leigh,England,County,James,Grundy,Con gain from Lab Coop,CON,LAB,77417,46979,168,1965,21266,19301,2252,3161,0,0,0,0,0,0,0,0,999,0
Lewes,England,County,Maria,Caulfield,Con hold,CON,LD,71503,54851,144,2457,26268,3206,23811,0,1453,0,0,0,0,0,0,0,113,0
"Lewisham, Deptford",England,Borough,Vicky,Foxcroft,Lab hold,LAB,CON,80631,55368,236,32913,6303,39216,5774,789,3085,0,0,0,0,0,0,0,201,0
Lewisham East,England,Borough,Janet,Daby,Lab hold,LAB,CON,67857,44815,139,17008,9653,26661,5039,1234,1706,0,0,0,0,0,0,0,522,0
Lewisham West and Penge,England,Borough,Ellie,Reeves,Lab hold,LAB,CON,74617,52100,192,21543,10317,31860,6260,1060,2390,0,0,0,0,0,0,0,213,0
Leyton and Wanstead,England,County,John,Cryer,Lab hold,LAB,CON,64852,44547,174,20808,8028,28836,4666,785,1805,0,0,0,0,0,0,0,427,0
Lichfield,England,County,Michael,Fabricant,Con hold,CON,LAB,76616,53993,240,23638,34844,11206,5632,0,1743,0,0,0,0,0,0,0,568,0
Lincoln,England,Borough,Karl,McCartney,Con gain from Lab,CON,LAB,74942,50629,134,3514,24267,20753,2422,1079,1195,0,0,0,0,0,0,0,913,0
"Liverpool, Riverside",England,Borough,Kim,Johnson,Lab hold,LAB,CON,80310,52789,242,37043,4127,41170,2696,1779,3017,0,0,0,0,0,0,0,0,0
"Liverpool, Walton",England,Borough,Dan,Carden,Lab hold,LAB,CON,62628,40786,195,30520,4018,34538,756,0,814,0,0,0,0,0,0,0,660,0
"Liverpool, Wavertree",England,Borough,Paula,Barker,Lab hold,LAB,CON,63458,43377,141,27085,4225,31310,4055,1921,1365,0,0,0,0,0,0,0,501,0
"Liverpool, West Derby",England,Borough,Ian,Byrne,Lab hold,LAB,CON,65640,43989,93,29984,4133,34117,1296,2012,605,0,0,0,0,0,0,0,1826,0
Loughborough,England,County,Jane,Hunt,Con hold,CON,LAB,79764,54631,220,7169,27954,20785,4153,0,1504,0,0,0,0,0,0,0,235,0
Louth and Horncastle,England,County,Victoria,Atkins,Con hold,CON,LAB,79634,52332,286,28868,38021,9153,4114,0,0,0,0,0,0,0,0,0,1044,0
Ludlow,England,County,Philip,Dunne,Con hold,CON,LD,69444,50225,259,23648,32185,7591,8537,0,1912,0,0,0,0,0,0,0,0,0
Luton North,England,Borough,Sarah,Owen,Lab hold,LAB,CON,68185,42589,155,9247,14249,23496,2063,1215,771,0,0,0,0,0,0,0,795,0
Luton South,England,Borough,Rachel,Hopkins,Lab hold,LAB,CON,69338,42064,175,8756,13031,21787,0,1601,995,0,0,0,0,0,0,0,4650,0
Macclesfield,England,County,David,Rutley,Con hold,CON,LAB,76216,53867,237,10711,28292,17581,5684,0,2310,0,0,0,0,0,0,0,0,0
Maidenhead,England,County,Theresa,May,Con hold,CON,LD,76668,56492,278,18846,32620,7882,13774,0,2216,0,0,0,0,0,0,0,0,0
Maidstone and The Weald,England,County,Helen,Grant,Con hold,CON,LAB,76109,51680,261,21772,31220,9448,8482,0,2172,0,0,0,0,0,0,0,358,0
Makerfield,England,County,Yvonne,Fovargue,Lab hold,LAB,CON,74190,44259,161,4740,15214,19954,2108,5817,1166,0,0,0,0,0,0,0,0,0
Maldon,England,County,John,Whittingdale,Con hold,CON,LAB,72438,50408,236,30041,36304,6263,5990,0,1851,0,0,0,0,0,0,0,0,0
Manchester Central,England,Borough,Lucy,Powell,Lab hold,LAB,CON,92247,52289,193,29089,7734,36823,3420,2335,1870,0,0,0,0,0,0,0,107,0
"Manchester, Gorton",England,Borough,Afzal,Khan,Lab hold,LAB,CON,76419,44545,147,30339,4244,34583,2448,1573,1697,0,0,0,0,0,0,0,0,0
"Manchester, Withington",England,Borough,Jeff,Smith,Lab hold,LAB,LD,76530,52995,181,27905,5820,35902,7997,1308,1968,0,0,0,0,0,0,0,0,0
Mansfield,England,County,Ben,Bradley,Con hold,CON,LAB,77131,49273,157,16306,31484,15178,1626,0,0,0,0,0,0,0,0,0,985,0
Meon Valley,England,County,Flick,Drummond,Con hold,CON,LD,75737,54829,211,23555,35271,5644,11716,0,2198,0,0,0,0,0,0,0,0,0
Meriden,England,County,Saqib,Bhatti,Con hold,CON,LAB,85368,54161,236,22836,34358,11522,5614,0,2667,0,0,0,0,0,0,0,0,0
Mid Bedfordshire,England,County,Nadine,Dorries,Con hold,CON,LAB,87795,64717,225,24664,38692,14028,8171,0,2478,0,0,0,0,0,0,0,1348,0
Mid Derbyshire,England,County,Pauline,Latham,Con hold,CON,LAB,67442,49356,197,15385,29027,13642,4756,0,1931,0,0,0,0,0,0,0,0,0
Middlesbrough,England,Borough,Andy,McDonald,Lab hold,LAB,CON,60764,34097,85,8395,8812,17207,816,2168,546,0,0,0,0,0,0,0,4548,0
Middlesbrough South and East Cleveland,England,County,Simon,Clarke,Con hold,CON,LAB,72348,47817,180,11626,28135,16509,1953,0,1220,0,0,0,0,0,0,0,0,0
Mid Dorset and North Poole,England,County,Michael,Tomlinson,Con hold,CON,LD,65427,48930,152,14898,29548,3402,14650,0,1330,0,0,0,0,0,0,0,0,0
Mid Norfolk,England,County,George,Freeman,Con hold,CON,LAB,82203,56186,335,22594,35051,12457,7739,0,0,0,0,0,0,0,0,0,939,0
Mid Sussex,England,County,Mims,Davies,Con hold,CON,LD,85146,62762,222,18197,33455,11218,15258,0,2234,0,0,0,0,0,0,0,597,0
Mid Worcestershire,England,County,Nigel,Huddleston,Con hold,CON,LAB,78220,56123,204,28018,37426,9408,6474,0,2177,0,0,0,0,0,0,0,638,0
Milton Keynes North,England,County,Ben,Everitt,Con hold,CON,LAB,91545,62543,237,6255,30938,24683,4991,0,1931,0,0,0,0,0,0,0,0,0
Milton Keynes South,England,Borough,Iain,Stewart,Con hold,CON,LAB,96363,64007,181,6944,32011,25067,4688,0,1495,0,0,0,0,0,0,0,746,0
Mitcham and Morden,England,Borough,Siobhain,McDonagh,Lab hold,LAB,CON,70021,45741,104,16482,11482,27964,3717,1202,1160,0,0,0,0,0,0,0,216,0
Mole Valley,England,County,Paul,Beresford,Con hold,CON,LD,74665,57110,194,12041,31656,2965,19615,0,1874,0,0,0,0,0,0,0,1000,0
Morecambe and Lunesdale,England,County,David,Morris,Con hold,CON,LAB,67397,45310,138,6354,23925,17571,2328,0,938,0,0,0,0,0,0,0,548,0
Morley and Outwood,England,County,Andrea,Jenkyns,Con hold,CON,LAB,78803,51930,191,11267,29424,18157,2285,0,1107,0,0,0,0,0,0,0,957,0
Newark,England,County,Robert,Jenrick,Con hold,CON,LAB,75850,54762,259,21816,34660,12844,5308,0,1950,0,0,0,0,0,0,0,0,0
Newbury,England,County,Laura,Farris,Con hold,CON,LD,83414,59998,190,16047,34431,4404,18384,0,2454,0,0,0,0,0,0,0,325,0
Newcastle-Under-Lyme,England,Borough,Aaron,Bell,Con gain from Lab,CON,LAB,68211,44739,140,7446,23485,16039,2361,1921,933,0,0,0,0,0,0,0,0,0
Newcastle Upon Tyne Central,England,Borough,Chi,Onwurah,Lab hold,LAB,CON,57845,37474,137,12278,9290,21568,2709,2542,1365,0,0,0,0,0,0,0,0,0
Newcastle Upon Tyne East,England,Borough,Nicholas,Brown,Lab hold,LAB,CON,63796,43365,233,15463,10586,26049,4535,0,2195,0,0,0,0,0,0,0,0,0
Newcastle Upon Tyne North,England,Borough,Catherine,McKinnell,Lab hold,LAB,CON,68486,46999,119,5765,15589,21354,4357,4331,1368,0,0,0,0,0,0,0,0,0
New Forest East,England,County,Julian,Lewis,Con hold,CON,LAB,73549,50786,189,25251,32769,7518,7390,0,2434,0,0,0,0,0,0,0,675,0
New Forest West,England,County,Desmond,Swayne,Con hold,CON,LD,70869,50306,250,24403,32113,6595,7710,0,3888,0,0,0,0,0,0,0,0,0
Newton Abbot,England,County,Anne Marie,Morris,Con hold,CON,LD,72529,52556,182,17501,29190,9329,11689,0,1508,0,0,0,0,0,0,0,840,0
"Normanton, Pontefract and Castleford",England,County,Yvette,Cooper,Lab hold,LAB,CON,84527,48259,127,1276,17021,18297,3147,8032,0,0,0,0,0,0,0,0,1762,0
Northampton North,England,Borough,Michael,Ellis,Con hold,CON,LAB,58768,39539,120,5507,21031,15524,2031,0,953,0,0,0,0,0,0,0,0,0
Northampton South,England,Borough,Andrew,Lewer,Con hold,CON,LAB,62163,40835,122,4697,20914,16217,2482,0,1222,0,0,0,0,0,0,0,0,0
North Cornwall,England,County,Scott,Mann,Con hold,CON,LD,69935,51678,256,14752,30671,4516,15919,0,0,0,0,0,0,0,0,0,572,0
North Devon,England,County,Selaine,Saxby,Con hold,CON,LD,75859,55581,166,14813,31479,5097,16666,0,1759,0,0,0,0,0,0,0,580,0
North Dorset,England,County,Simon,Hoare,Con hold,CON,LD,76765,56107,263,24301,35705,6737,11404,0,2261,0,0,0,0,0,0,0,0,0
North Durham,England,County,Kevan,Jones,Lab hold,LAB,CON,66796,42195,107,4742,13897,18639,2879,4693,1126,0,0,0,0,0,0,0,961,0
North East Bedfordshire,England,County,Richard,Fuller,Con hold,CON,LAB,90678,65018,200,24283,38443,14160,7999,0,1891,0,0,0,0,0,0,0,2525,0
North East Cambridgeshire,England,County,Stephen,Barclay,Con hold,CON,LAB,83699,52964,239,29993,38423,8430,4298,0,1813,0,0,0,0,0,0,0,0,0
North East Derbyshire,England,County,Lee,Rowley,Con hold,CON,LAB,72345,49217,173,12876,28897,16021,3021,0,1278,0,0,0,0,0,0,0,0,0
North East Hampshire,England,County,Ranil,Jayawardena,Con hold,CON,LD,78954,59270,174,20211,35280,5760,15069,0,1754,0,0,0,0,0,0,0,1407,0
North East Hertfordshire,England,County,Oliver,Heald,Con hold,CON,LAB,76123,55327,281,18189,31293,13104,8563,0,2367,0,0,0,0,0,0,0,0,0
North East Somerset,England,County,Jacob,Rees-Mogg,Con hold,CON,LAB,73692,56308,169,14729,28360,13631,12422,0,1423,0,0,0,0,0,0,0,472,0
North Herefordshire,England,County,Bill,Wiggin,Con hold,CON,LD,70252,51033,276,24856,32158,6804,7302,0,4769,0,0,0,0,0,0,0,0,0
North Norfolk,England,County,Duncan,Baker,Con gain from LD,CON,LD,70729,50823,172,14395,29792,3895,15397,1739,0,0,0,0,0,0,0,0,0,0
North Shropshire,England,County,Owen,Paterson,Con hold,CON,LAB,83258,56513,205,22949,35444,12495,5643,0,1790,0,0,0,0,0,0,0,1141,0
North Somerset,England,County,Liam,Fox,Con hold,CON,LAB,80194,62055,241,17536,32801,15265,11051,0,2938,0,0,0,0,0,0,0,0,0
North Swindon,England,County,Justin,Tomlinson,Con hold,CON,LAB,82441,55115,209,16171,32584,16413,4408,0,1710,0,0,0,0,0,0,0,0,0
North Thanet,England,County,Roger,Gale,Con hold,CON,LAB,72756,48178,250,17189,30066,12877,3439,0,1796,0,0,0,0,0,0,0,0,0
North Tyneside,England,Borough,Mary,Glindon,Lab hold,LAB,CON,78902,50429,160,9561,15490,25051,3241,5254,1393,0,0,0,0,0,0,0,0,0
North Warwickshire,England,County,Craig,Tracey,Con hold,CON,LAB,70271,45914,171,17956,30249,12293,2069,0,1303,0,0,0,0,0,0,0,0,0
North West Cambridgeshire,England,County,Shailesh,Vara,Con hold,CON,LAB,94909,64533,315,25983,40307,14324,6881,0,3021,0,0,0,0,0,0,0,0,0
North West Durham,England,County,Richard,Holden,Con gain from Lab,CON,LAB,72166,47663,128,1144,19990,18846,2831,3193,1173,0,0,0,0,0,0,0,1630,0
North West Hampshire,England,County,Kit,Malthouse,Con hold,CON,LD,83083,58918,270,26308,36591,9327,10283,0,2717,0,0,0,0,0,0,0,0,0
North West Leicestershire,England,County,Andrew,Bridgen,Con hold,CON,LAB,78935,53821,211,20400,33811,13411,3614,0,2478,0,0,0,0,0,0,0,507,0
North West Norfolk,England,County,James,Wild,Con hold,CON,LAB,72080,46602,200,19922,30627,10705,3625,0,1645,0,0,0,0,0,0,0,0,0
North Wiltshire,England,County,James,Gray,Con hold,CON,LD,73280,54758,216,17626,32373,5699,14747,0,1939,0,0,0,0,0,0,0,0,0
Norwich North,England,Borough,Chloe,Smith,Con hold,CON,LAB,67172,46285,127,4738,23397,18659,2663,0,1078,0,0,0,0,0,0,0,488,0
Norwich South,England,Borough,Clive,Lewis,Lab hold,LAB,CON,77845,51673,197,12760,15006,27766,4776,1656,2469,0,0,0,0,0,0,0,0,0
Nottingham East,England,Borough,Nadia,Whittome,Lab hold,LAB,CON,66262,40004,141,17393,8342,25735,1954,1343,1183,0,0,0,0,0,0,0,1447,0
Nottingham North,England,Borough,Alex,Norris,Lab hold,LAB,CON,66495,35320,103,4490,12847,17337,1582,2686,868,0,0,0,0,0,0,0,0,0
Nottingham South,England,Borough,Lilian,Greenwood,Lab hold,LAB,CON,79485,48134,181,12568,14018,26586,3935,2012,1583,0,0,0,0,0,0,0,0,0
Nuneaton,England,County,Marcus,Jones,Con hold,CON,LAB,70226,45190,215,13144,27390,14246,1862,0,1692,0,0,0,0,0,0,0,0,0
Old Bexley and Sidcup,England,Borough,James,Brokenshire,Con hold,CON,LAB,66104,46145,239,18952,29786,10834,3822,0,1477,0,0,0,0,0,0,0,226,0
Oldham East and Saddleworth,England,County,Debbie,Abrahams,Lab hold,LAB,CON,72120,46164,123,1499,18589,20088,2423,2980,778,0,0,0,0,0,0,0,1306,0
Oldham West and Royton,England,Borough,Jim,McMahon,Lab hold,LAB,CON,72999,44434,117,11127,13452,24579,1484,3316,681,0,0,0,0,0,0,0,922,0
Orpington,England,Borough,Gareth,Bacon,Con hold,CON,LAB,68877,48721,263,22378,30882,8504,7552,0,1783,0,0,0,0,0,0,0,0,0
Oxford East,England,Borough,Anneliese,Dodds,Lab hold,LAB,CON,78303,49359,213,17832,10303,28135,6884,1146,2392,0,0,0,0,0,0,0,499,0
Oxford West and Abingdon,England,County,Layla,Moran,LD hold,LD,CON,76951,58824,238,8943,22397,4258,31340,829,0,0,0,0,0,0,0,0,0,0
Pendle,England,Borough,Andrew,Stephenson,Con hold,CON,LAB,65292,44460,172,6186,24076,17890,1548,0,678,0,0,0,0,0,0,0,268,0
Penistone and Stocksbridge,England,County,Miriam,Cates,Con gain from Lab,CON,LAB,70925,49520,149,7210,23688,16478,5054,4300,0,0,0,0,0,0,0,0,0,0
Penrith and The Border,England,County,Neil,Hudson,Con hold,CON,LAB,67555,47824,209,18519,28875,10356,5364,0,2159,0,0,0,0,0,0,0,1070,0
Peterborough,England,Borough,Paul,Bristow,Con gain from Lab,CON,LAB,72560,47801,98,2580,22334,19754,2334,2127,728,0,0,0,0,0,0,0,524,0
"Plymouth, Moor View",England,Borough,Johnny,Mercer,Con hold,CON,LAB,69430,44239,202,12897,26831,13934,2301,0,1173,0,0,0,0,0,0,0,0,0
"Plymouth, Sutton and Devonport",England,Borough,Luke,Pollard,Lab hold,LAB,CON,77852,53176,141,4757,20704,25461,2545,2909,1557,0,0,0,0,0,0,0,0,0
Poole,England,Borough,Robert,Syms,Con hold,CON,LAB,73989,50451,169,19116,29599,10483,7819,0,1702,0,0,0,0,0,0,0,848,0
Poplar and Limehouse,England,Borough,Apsana,Begum,Lab hold,LAB,CON,91836,61276,277,28904,9756,38660,8832,1493,2159,0,0,0,0,0,0,0,376,0
Portsmouth North,England,Borough,Penny,Mordaunt,Con hold,CON,LAB,71299,45910,145,15780,28172,12392,3419,0,1304,0,0,0,0,0,0,0,623,0
Portsmouth South,England,Borough,Stephen,Morgan,Lab hold,LAB,CON,74186,47425,163,5363,17705,23068,5418,994,0,0,0,0,0,0,0,0,240,0
Preston,England,Borough,Mark,Hendrick,Lab hold,LAB,CON,59672,33790,98,12146,8724,20870,1737,1799,660,0,0,0,0,0,0,0,0,0
Pudsey,England,Borough,Stuart,Andrew,Con hold,CON,LAB,73212,54215,142,3517,26453,22936,3088,0,894,0,0,0,0,0,0,0,844,0
Putney,England,Borough,Fleur,Anderson,Lab gain from Con,LAB,CON,65556,50467,119,4774,18006,22780,8548,0,1133,0,0,0,0,0,0,0,0,0
Rayleigh and Wickford,England,County,Mark,Francois,Con hold,CON,LAB,78930,54901,293,31000,39864,8864,4171,0,2002,0,0,0,0,0,0,0,0,0
Reading East,England,Borough,Mathew,Rodda,Lab hold,LAB,CON,77152,55918,137,5924,21178,27102,5035,852,1549,0,0,0,0,0,0,0,202,0
Reading West,England,County,Alok,Sharma,Con hold,CON,LAB,74137,50392,180,4117,24393,20276,4460,0,1263,0,0,0,0,0,0,0,0,0
Redcar,England,Borough,Jacob,Young,Con gain from Lab Coop,CON,LAB,65864,40842,95,3527,18811,15284,2018,2915,491,0,0,0,0,0,0,0,1323,0
Redditch,England,County,Rachel,Maclean,Con hold,CON,LAB,65391,44067,215,16036,27907,11871,2905,0,1384,0,0,0,0,0,0,0,0,0
Reigate,England,Borough,Crispin,Blunt,Con hold,CON,LAB,74242,53156,231,18310,28665,10355,10320,0,3169,0,0,0,0,0,0,0,647,0
Ribble Valley,England,County,Nigel,Evans,Con hold,CON,LAB,79247,55284,260,18439,33346,14907,4776,0,1704,0,0,0,0,0,0,0,551,0
Richmond Park,England,Borough,Sarah,Olney,LD gain from Con,LD,CON,82699,65067,173,7766,26793,3407,34559,0,0,0,0,0,0,0,0,0,308,0
Richmond (Yorks),England,County,Rishi,Sunak,Con hold,CON,LAB,82569,57703,203,27210,36693,9483,6989,0,2500,0,0,0,0,0,0,0,2038,0
Rochdale,England,County,Tony,Lloyd,Lab hold,LAB,CON,78909,47447,162,9668,14807,24475,3312,3867,986,0,0,0,0,0,0,0,0,0
Rochester and Strood,England,County,Kelly,Tolhurst,Con hold,CON,LAB,82056,51926,187,17072,31151,14079,3717,0,1312,0,0,0,0,0,0,0,1667,0
Rochford and Southend East,England,County,James,Duddridge,Con hold,CON,LAB,75624,46136,180,12286,27063,14777,2822,0,0,0,0,0,0,0,0,0,1474,0
Romford,England,Borough,Andrew,Rosindell,Con hold,CON,LAB,72350,47231,240,17893,30494,12601,2708,0,1428,0,0,0,0,0,0,0,0,0
Romsey and Southampton North,England,County,Caroline,Nokes,Con hold,CON,LD,68228,51390,187,10872,27862,5898,16990,0,0,0,0,0,0,0,0,0,640,0
Rossendale and Darwen,England,Borough,Jake,Berry,Con hold,CON,LAB,72770,48822,231,9522,27570,18048,2011,0,1193,0,0,0,0,0,0,0,0,0
Rotherham,England,Borough,Sarah,Champion,Lab hold,LAB,CON,61688,35651,103,3121,11615,14736,2090,6125,0,0,0,0,0,0,0,0,1085,0
Rother Valley,England,County,Alexander,Stafford,Con gain from Lab,CON,LAB,74804,48698,143,6318,21970,15652,2553,6264,1219,0,0,0,0,0,0,0,1040,0
Rugby,England,County,Mark,Pawsey,Con hold,CON,LAB,72292,50814,232,13447,29255,15808,4207,0,1544,0,0,0,0,0,0,0,0,0
"Ruislip, Northwood and Pinner",England,Borough,David,Simmonds,Con hold,CON,LAB,72816,52904,188,16394,29391,12997,7986,0,1646,0,0,0,0,0,0,0,884,0
Runnymede and Weybridge,England,County,Ben,Spencer,Con hold,CON,LAB,77196,53289,184,18270,29262,10992,9236,0,1876,0,0,0,0,0,0,0,1923,0
Rushcliffe,England,County,Ruth,Edwards,Con hold,CON,LAB,77047,60505,251,7643,28765,21122,9600,0,0,0,0,0,0,0,0,0,1018,0
Rutland and Melton,England,County,Alicia,Kearns,Con hold,CON,LAB,82705,58310,224,26924,36507,9583,7970,0,2875,0,0,0,0,0,0,0,1375,0
Saffron Walden,England,County,Kemi,Badenoch,Con hold,CON,LD,87017,63086,318,27594,39714,8305,12120,0,2947,0,0,0,0,0,0,0,0,0
Salford and Eccles,England,Borough,Rebecca,Long-Bailey,Lab hold,LAB,CON,82202,50632,172,16327,12428,28755,3099,4290,2060,0,0,0,0,0,0,0,0,0
Salisbury,England,County,John,Glen,Con hold,CON,LD,74556,53730,168,19736,30280,9675,10544,0,2486,0,0,0,0,0,0,0,745,0
Scarborough and Whitby,England,County,Robert,Goodwill,Con hold,CON,LAB,74404,49724,197,10270,27593,17323,3038,0,0,0,0,0,0,0,0,0,1770,0
Scunthorpe,England,County,Holly,Mumby-Croft,Con gain from Lab,CON,LAB,61955,37750,84,6451,20306,13855,875,2044,670,0,0,0,0,0,0,0,0,0
Sedgefield,England,County,Paul,Howell,Con gain from Lab,CON,LAB,64325,41566,98,4513,19609,15096,1955,3518,994,0,0,0,0,0,0,0,394,0
Sefton Central,England,County,Bill,Esterson,Lab hold,LAB,CON,69760,50880,153,15122,14132,29254,3386,2425,1261,0,0,0,0,0,0,0,422,0
Selby and Ainsty,England,County,Nigel,Adams,Con hold,CON,LAB,78398,56418,191,20137,33995,13858,4842,0,1823,0,0,0,0,0,0,0,1900,0
Sevenoaks,England,County,Laura,Trott,Con hold,CON,LD,71757,50956,244,20818,30932,6946,10114,0,1974,0,0,0,0,0,0,0,990,0
"Sheffield, Brightside and Hillsborough",England,Borough,Gill,Furniss,Lab hold,LAB,CON,69333,39600,122,12274,10095,22369,1517,3855,1179,0,0,0,0,0,0,0,585,0
Sheffield Central,England,Borough,Paul,Blomfield,Lab hold,LAB,CON,89849,50913,233,27273,6695,33968,3237,1969,4570,0,0,0,0,0,0,0,474,0
"Sheffield, Hallam",England,County,Olivia,Blake,Lab hold,LAB,LD,72763,56885,150,712,14696,19709,18997,1562,1630,0,0,0,0,0,0,0,291,0
"Sheffield, Heeley",England,Borough,Louise,Haigh,Lab hold,LAB,CON,66940,42695,132,8520,12955,21475,2916,3538,1811,0,0,0,0,0,0,0,0,0
Sheffield South East,England,Borough,Clive,Betts,Lab hold,LAB,CON,67832,41998,146,4289,15070,19359,2125,4478,0,0,0,0,0,0,0,0,966,0
Sherwood,England,County,Mark,Spencer,Con hold,CON,LAB,77888,52709,183,16186,32049,15863,2883,0,1214,0,0,0,0,0,0,0,700,0
Shipley,England,County,Philip,Davies,Con hold,CON,LAB,74029,54004,258,6242,27437,21195,3188,0,1301,0,0,0,0,0,0,0,883,0
Shrewsbury and Atcham,England,County,Daniel,Kawczynski,Con hold,CON,LAB,82238,59065,217,11217,31021,19804,5906,0,1762,0,0,0,0,0,0,0,572,0
Sittingbourne and Sheppey,England,County,Gordon,Henderson,Con hold,CON,LAB,83917,51394,103,24479,34742,10263,3213,0,1188,0,0,0,0,0,0,0,1988,0
Skipton and Ripon,England,County,Julian,Smith,Con hold,CON,LAB,78347,58724,239,23694,34919,11225,8701,0,2748,0,0,0,0,0,0,0,1131,0
Sleaford and North Hykeham,England,County,Caroline,Johnson,Con hold,CON,LAB,94761,66554,236,32565,44683,12118,5355,0,1742,0,0,0,0,0,0,0,2656,0
Slough,England,Borough,Tan,Dhesi,Lab hold,LAB,CON,86818,51038,155,13640,15781,29421,3357,1432,1047,0,0,0,0,0,0,0,0,0
Solihull,England,Borough,Julian,Knight,Con hold,CON,LAB,78760,55344,209,21273,32309,11036,9977,0,2022,0,0,0,0,0,0,0,0,0
Somerton and Frome,England,County,David,Warburton,Con hold,CON,LD,85866,64896,225,19213,36230,8354,17017,0,3295,0,0,0,0,0,0,0,0,0
"Southampton, Itchen",England,Borough,Royston,Smith,Con hold,CON,LAB,72299,47421,137,4498,23952,19454,2503,0,1040,0,0,0,0,0,0,0,472,0
"Southampton, Test",England,Borough,Alan,Whitehead,Lab hold,LAB,CON,70116,44994,122,6213,16043,22256,3449,1591,1433,0,0,0,0,0,0,0,222,0
South Basildon and East Thurrock,England,County,Stephen,Metcalfe,Con hold,CON,LAB,74441,45297,198,19922,29973,10051,1957,0,0,0,0,0,0,0,0,0,3316,0
South Cambridgeshire,England,County,Anthony,Browne,Con hold,CON,LD,87288,66929,304,2904,31015,7803,28111,0,0,0,0,0,0,0,0,0,0,0
South Derbyshire,England,County,Heather,Wheeler,Con hold,CON,LAB,79331,53381,429,19335,33502,14167,3924,0,1788,0,0,0,0,0,0,0,0,0
South Dorset,England,County,Richard,Drax,Con hold,CON,LAB,73809,51058,184,17153,30024,12871,5432,0,2246,0,0,0,0,0,0,0,485,0
South East Cambridgeshire,England,County,Lucy,Frazer,Con hold,CON,LD,86769,64385,255,11490,32187,10492,20697,0,0,0,0,0,0,0,0,0,1009,0
South East Cornwall,England,County,Sheryll,Murray,Con hold,CON,LAB,71825,53655,230,20971,31807,10836,8650,0,1493,0,0,0,0,0,0,0,869,0
Southend West,England,Borough,David,Amess,Con hold,CON,LAB,69043,46537,260,14459,27555,13096,5312,0,0,0,0,0,0,0,0,0,574,0
South Holland and The Deepings,England,County,John,Hayes,Con hold,CON,LAB,75975,49179,202,30838,37338,6500,3225,0,1613,0,0,0,0,0,0,0,503,0
South Leicestershire,England,County,Alberto,Costa,Con hold,CON,LAB,80520,57469,298,24004,36791,12787,5452,0,2439,0,0,0,0,0,0,0,0,0
South Norfolk,England,County,Richard,Bacon,Con hold,CON,LAB,86214,62484,291,21275,36258,14983,8744,0,2499,0,0,0,0,0,0,0,0,0
South Northamptonshire,England,County,Andrea,Leadsom,Con hold,CON,LAB,90842,66908,266,27761,41755,13994,7891,0,2634,0,0,0,0,0,0,0,634,0
Southport,England,Borough,Damien,Moore,Con hold,CON,LAB,70837,48180,190,4147,22914,18767,6499,0,0,0,0,0,0,0,0,0,0,0
South Ribble,England,County,Katherine,Fletcher,Con hold,CON,LAB,75351,53784,209,11199,30028,18829,3720,0,1207,0,0,0,0,0,0,0,0,0
South Shields,England,Borough,Emma,Lewell-Buck,Lab hold,LAB,CON,62793,37882,80,9585,7688,17273,1514,6446,1303,0,0,0,0,0,0,0,3658,0
South Staffordshire,England,County,Gavin,Williamson,Con hold,CON,LAB,73668,50005,259,28250,36520,8270,3280,0,1935,0,0,0,0,0,0,0,0,0
South Suffolk,England,County,James,Cartlidge,Con hold,CON,LAB,76201,53489,277,22897,33270,10373,6702,0,3144,0,0,0,0,0,0,0,0,0
South Swindon,England,County,Robert,Buckland,Con hold,CON,LAB,73118,50746,247,6625,26536,19911,4299,0,0,0,0,0,0,0,0,0,0,0
South Thanet,England,County,Craig,Mackinlay,Con hold,CON,LAB,73223,48257,211,10587,27084,16497,2727,0,1949,0,0,0,0,0,0,0,0,0
South West Bedfordshire,England,County,Andrew,Selous,Con hold,CON,LAB,79926,53307,254,18583,32212,13629,5435,0,2031,0,0,0,0,0,0,0,0,0
South West Devon,England,County,Gary,Streeter,Con hold,CON,LAB,72535,53367,275,21430,33286,11856,6207,0,2018,0,0,0,0,0,0,0,0,0
South West Hertfordshire,England,County,Gagan,Mohindra,Con hold,CON,Ind,80499,61191,277,14408,30327,7228,6251,0,1466,0,0,0,0,0,0,0,15919,0
South West Norfolk,England,County,Elizabeth,Truss,Con hold,CON,LAB,78455,51466,184,26195,35507,9312,4166,0,1645,0,0,0,0,0,0,0,836,0
South West Surrey,England,County,Jeremy,Hunt,Con hold,CON,LD,79096,60340,374,8817,32191,4775,23374,0,0,0,0,0,0,0,0,0,0,0
South West Wiltshire,England,County,Andrew,Murrison,Con hold,CON,LAB,77969,54895,246,21630,33038,11408,8015,0,2434,0,0,0,0,0,0,0,0,0
Spelthorne,England,Borough,Kwasi,Kwarteng,Con hold,CON,LAB,70929,49510,273,18393,29141,10748,7499,0,2122,0,0,0,0,0,0,0,0,0
Stafford,England,County,Theo,Clarke,Con hold,CON,LAB,72572,51149,193,14377,29992,15615,3175,0,2367,0,0,0,0,0,0,0,0,0
Staffordshire Moorlands,England,County,Karen,Bradley,Con hold,CON,LAB,65485,43656,173,16428,28192,11764,2469,0,1231,0,0,0,0,0,0,0,0,0
St Albans,England,County,Daisy,Cooper,LD gain from Con,LD,CON,73727,57599,173,6293,22574,5000,28867,0,1004,0,0,0,0,0,0,0,154,0
Stalybridge and Hyde,England,County,Jonathan,Reynolds,Lab hold,LAB,CON,73064,42368,143,2946,16079,19025,1827,3591,1411,0,0,0,0,0,0,0,435,0
St Austell and Newquay,England,County,Steve,Double,Con hold,CON,LAB,79930,55776,140,16526,31273,14747,5861,0,1609,0,0,0,0,0,0,0,2286,0
Stevenage,England,County,Stephen,McPartland,Con hold,CON,LAB,71562,47683,197,8562,25328,16766,4132,0,1457,0,0,0,0,0,0,0,0,0
St Helens North,England,Borough,Conor,McGinn,Lab hold,LAB,CON,75593,47561,167,12209,12661,24870,2668,5396,1966,0,0,0,0,0,0,0,0,0
St Helens South and Whiston,England,Borough,Marie,Rimmer,Lab hold,LAB,CON,79061,50313,129,19122,10335,29457,2886,5353,2282,0,0,0,0,0,0,0,0,0
St Ives,England,County,Derek,Thomas,Con hold,CON,LD,68795,51413,111,4280,25365,3553,21085,0,964,0,0,0,0,0,0,0,446,0
Stockport,England,Borough,Navendu,Mishra,Lab hold,LAB,CON,65391,41715,145,10039,11656,21695,5043,1918,1403,0,0,0,0,0,0,0,0,0
Stockton North,England,Borough,Alex,Cunningham,Lab hold,LAB,CON,66649,41156,116,1027,16701,17728,1631,3907,0,0,0,0,0,0,0,0,1189,0
Stockton South,England,Borough,Matt,Vickers,Con gain from Lab,CON,LAB,76870,54802,142,5260,27764,22504,2338,2196,0,0,0,0,0,0,0,0,0,0
Stoke-On-Trent Central,England,Borough,Jo,Gideon,Con gain from Lab Coop,CON,LAB,55419,32070,67,670,14557,13887,1116,1691,819,0,0,0,0,0,0,0,0,0
Stoke-On-Trent North,England,Borough,Jonathan,Gullis,Con gain from Lab,CON,LAB,68298,40134,96,6286,20974,14688,1268,2374,508,0,0,0,0,0,0,0,322,0
Stoke-On-Trent South,England,Borough,Jack,Brereton,Con hold,CON,LAB,64491,39604,171,11271,24632,13361,1611,0,0,0,0,0,0,0,0,0,0,0
Stone,England,County,William,Cash,Con hold,CON,LAB,69378,49843,222,19945,31687,11742,4412,0,2002,0,0,0,0,0,0,0,0,0
Stourbridge,England,Borough,Suzanne,Webb,Con hold,CON,LAB,69891,45689,142,13571,27534,13963,2523,0,1048,0,0,0,0,0,0,0,621,0
Stratford-On-Avon,England,County,Nadhim,Zahawi,Con hold,CON,LD,74037,55048,273,19972,33343,6222,13371,0,2112,0,0,0,0,0,0,0,0,0
Streatham,England,Borough,Bell,Ribeiro-Addy,Lab hold,LAB,LD,84783,56513,178,17690,9060,30976,13286,624,2567,0,0,0,0,0,0,0,0,0
Stretford and Urmston,England,Borough,Kate,Green,Lab hold,LAB,CON,72372,50067,155,16417,13778,30195,2969,1768,1357,0,0,0,0,0,0,0,0,0
Stroud,England,County,Siobhan,Baillie,Con gain from Lab Coop,CON,LAB,84537,65930,185,3840,31582,27742,0,1085,4954,0,0,0,0,0,0,0,567,0
Suffolk Coastal,England,County,Thrse,Coffey,Con hold,CON,LAB,81910,58308,199,20533,32958,12425,8719,0,2713,0,0,0,0,0,0,0,1493,0
Sunderland Central,England,Borough,Julie,Elliott,Lab hold,LAB,CON,72680,43476,104,2964,15372,18336,3025,5047,1212,0,0,0,0,0,0,0,484,0
Surrey Heath,England,County,Michael,Gove,Con hold,CON,LD,81349,58654,237,18349,34358,5407,16009,0,2252,0,0,0,0,0,0,0,628,0
Sutton and Cheam,England,Borough,Paul,Scully,Con hold,CON,LD,71779,50487,211,8351,25235,7200,16884,0,1168,0,0,0,0,0,0,0,0,0
Sutton Coldfield,England,Borough,Andrew,Mitchell,Con hold,CON,LAB,75638,52325,312,19272,31604,12332,6358,0,2031,0,0,0,0,0,0,0,0,0
Tamworth,England,County,Christopher,Pincher,Con hold,CON,LAB,71572,46056,154,19634,30542,10908,2426,0,935,0,0,0,0,0,0,0,1245,0
Tatton,England,County,Esther,McVey,Con hold,CON,LAB,69018,48967,179,17387,28277,10890,7712,0,2088,0,0,0,0,0,0,0,0,0
Taunton Deane,England,County,Rebecca,Pow,Con hold,CON,LD,88676,63733,192,11700,34164,4715,22464,0,0,0,0,0,0,0,0,0,2390,0
Telford,England,Borough,Lucy,Allan,Con hold,CON,LAB,68921,42825,224,10941,25546,14605,2674,0,0,0,0,0,0,0,0,0,0,0
Tewkesbury,England,County,Laurence,Robertson,Con hold,CON,LD,83958,61140,261,22410,35728,9310,13318,0,2784,0,0,0,0,0,0,0,0,0
The Cotswolds,England,County,Geoffrey,Clifton-Brown,Con hold,CON,LD,81939,61176,265,20214,35484,7110,15270,0,3312,0,0,0,0,0,0,0,0,0
The Wrekin,England,County,Mark,Pritchard,Con hold,CON,LAB,70693,48890,194,18726,31029,12303,4067,0,1491,0,0,0,0,0,0,0,0,0
Thirsk and Malton,England,County,Kevin,Hollinrake,Con hold,CON,LAB,80991,56588,242,25154,35634,10480,6774,0,2263,0,0,0,0,0,0,0,1437,0
Thornbury and Yate,England,County,Luke,Hall,Con hold,CON,LD,69492,52243,254,12369,30202,4208,17833,0,0,0,0,0,0,0,0,0,0,0
Thurrock,England,Borough,Jacqueline,Doyle-Price,Con hold,CON,LAB,79659,47467,139,11482,27795,16313,1510,0,807,0,0,0,0,0,0,0,1042,0
Tiverton and Honiton,England,County,Neil,Parish,Con hold,CON,LAB,82953,59613,248,24239,35893,11654,8807,0,2291,0,0,0,0,0,0,0,968,0
Tonbridge and Malling,England,County,Thomas,Tugendhat,Con hold,CON,LD,79278,57003,312,26941,35784,8286,8843,0,4090,0,0,0,0,0,0,0,0,0
Tooting,England,Borough,Rosena,Allin-Khan,Lab hold,LAB,CON,76954,58473,177,14307,16504,30811,8305,462,2314,0,0,0,0,0,0,0,77,0
Torbay,England,Borough,Kevin,Foster,Con hold,CON,LD,75054,50426,141,17749,29863,6562,12114,0,1239,0,0,0,0,0,0,0,648,0
Torridge and West Devon,England,County,Geoffrey,Cox,Con hold,CON,LD,80403,59730,233,24992,35904,10290,10912,0,2077,0,0,0,0,0,0,0,547,0
Totnes,England,County,Anthony,Mangnall,Con hold,CON,LD,69863,52182,196,12724,27751,8860,15027,0,0,0,0,0,0,0,0,0,544,0
Tottenham,England,Borough,David,Lammy,Lab hold,LAB,CON,75740,46856,204,30175,5446,35621,3168,527,1873,0,0,0,0,0,0,0,221,0
Truro and Falmouth,England,County,Cherilyn,Mackrory,Con hold,CON,LAB,76719,59190,171,4561,27237,22676,7150,0,1714,0,0,0,0,0,0,0,413,0
Tunbridge Wells,England,County,Gregory,Clark,Con hold,CON,LD,74823,54650,321,14645,30119,8098,15474,0,0,0,0,0,0,0,0,0,959,0
Twickenham,England,Borough,Munira,Wilson,LD hold,LD,CON,84906,64503,239,14121,22045,5476,36166,816,0,0,0,0,0,0,0,0,0,0
Tynemouth,England,Borough,Alan,Campbell,Lab hold,LAB,CON,77261,56034,179,4857,22071,26928,3791,1963,1281,0,0,0,0,0,0,0,0,0
Uxbridge and South Ruislip,England,Borough,Boris,Johnson,Con hold,CON,LAB,70365,48187,93,7210,25351,18141,3026,0,1090,0,0,0,0,0,0,0,579,0
Vauxhall,England,Borough,Florence,Eshalomi,Lab hold,LAB,LD,88659,56333,236,19612,9422,31615,12003,641,2516,0,0,0,0,0,0,0,136,0
Wakefield,England,County,Imran,Ahmad Khan,Con gain from Lab,CON,LAB,70192,45027,137,3358,21283,17925,1772,2725,0,0,0,0,0,0,0,0,1322,0
Wallasey,England,Borough,Angela,Eagle,Lab hold,LAB,CON,66310,46492,102,18322,11579,29901,1843,2037,1132,0,0,0,0,0,0,0,0,0
Walsall North,England,Borough,Eddie,Hughes,Con hold,CON,LAB,67177,36556,125,11965,23334,11369,1236,0,617,0,0,0,0,0,0,0,0,0
Walsall South,England,Borough,Valerie,Vaz,Lab hold,LAB,CON,68024,42472,115,3456,17416,20872,1602,1660,634,0,0,0,0,0,0,0,288,0
Walthamstow,England,County,Stella,Creasy,Lab hold,LAB,CON,70267,48335,206,30862,5922,36784,2874,768,1733,0,0,0,0,0,0,0,254,0
Wansbeck,England,County,Ian,Lavery,Lab hold,LAB,CON,63339,40509,119,814,16310,17124,2539,3141,1217,0,0,0,0,0,0,0,178,0
Wantage,England,County,David,Johnston,Con hold,CON,LD,90867,67173,306,12653,34085,10181,21432,0,0,0,0,0,0,0,0,0,1475,0
Warley,England,Borough,John,Spellar,Lab hold,LAB,CON,62357,37239,142,11511,10390,21901,1588,2469,891,0,0,0,0,0,0,0,0,0
Warrington North,England,Borough,Charlotte,Nichols,Lab hold,LAB,CON,72235,46667,169,1509,19102,20611,3071,2626,1257,0,0,0,0,0,0,0,0,0
Warrington South,England,Borough,Andy,Carter,Con gain from Lab,CON,LAB,86015,61899,187,2010,28187,26177,5732,1635,0,0,0,0,0,0,0,0,168,0
Warwick and Leamington,England,Borough,Matt,Western,Lab hold,LAB,CON,76362,54205,128,789,22929,23718,4995,807,1536,0,0,0,0,0,0,0,220,0
Washington and Sunderland West,England,Borough,Sharon,Hodgson,Lab hold,LAB,CON,66278,37513,108,3723,12218,15941,2071,5439,1005,0,0,0,0,0,0,0,839,0
Watford,England,Borough,Dean,Russell,Con hold,CON,LAB,83359,58065,263,4433,26421,21988,9323,0,0,0,0,0,0,0,0,0,333,0
Waveney,England,County,Peter,Aldous,Con hold,CON,LAB,82791,51129,175,18002,31778,13776,2603,0,2727,0,0,0,0,0,0,0,245,0
Wealden,England,County,Nusrat,Ghani,Con hold,CON,LD,82998,60907,365,25655,37043,9377,11388,0,3099,0,0,0,0,0,0,0,0,0
Weaver Vale,England,County,Mike,Amesbury,Lab hold,LAB,CON,70551,50713,113,562,22210,22772,3300,1380,1051,0,0,0,0,0,0,0,0,0
Wellingborough,England,County,Peter,Bone,Con hold,CON,LAB,80765,51913,235,18540,32277,13737,4078,0,1821,0,0,0,0,0,0,0,0,0
Wells,England,County,James,Heappey,Con hold,CON,LD,81898,61628,216,9991,33336,4304,23345,0,0,0,0,0,0,0,0,0,643,0
Welwyn Hatfield,England,County,Grant,Shapps,Con hold,CON,LAB,74892,52053,226,10955,27394,16439,6602,0,1618,0,0,0,0,0,0,0,0,0
Wentworth and Dearne,England,County,John,Healey,Lab hold,LAB,CON,74536,41557,127,2165,14577,16742,1705,7019,0,0,0,0,0,0,0,0,1514,0
West Bromwich East,England,Borough,Nicola,Richards,Con gain from Lab,CON,LAB,62046,35975,104,1593,16804,15211,1313,1475,627,0,0,0,0,0,0,0,545,0
West Bromwich West,England,Borough,Shaun,Bailey,Con gain from Lab Coop,CON,LAB,64517,34459,84,3799,17419,13620,915,1841,664,0,0,0,0,0,0,0,0,0
West Dorset,England,County,Chris,Loder,Con hold,CON,LD,81897,60925,237,14106,33589,5729,19483,0,2124,0,0,0,0,0,0,0,0,0
West Ham,England,Borough,Lyn,Brown,Lab hold,LAB,CON,97947,60200,317,32388,9793,42181,4161,1679,1780,0,0,0,0,0,0,0,606,0
West Lancashire,England,County,Rosie,Cooper,Lab hold,LAB,CON,73347,52663,170,8336,19122,27458,2560,2275,1248,0,0,0,0,0,0,0,0,0
Westminster North,England,Borough,Karen,Buck,Lab hold,LAB,CON,65519,42911,133,10759,12481,23240,5593,418,1064,0,0,0,0,0,0,0,115,0
Westmorland and Lonsdale,England,County,Timothy,Farron,LD hold,LD,CON,67789,52712,141,1934,23861,2293,25795,763,0,0,0,0,0,0,0,0,0,0
Weston-Super-Mare,England,County,John,Penrose,Con hold,CON,LAB,82526,55614,255,17121,31983,14862,6935,0,1834,0,0,0,0,0,0,0,0,0
West Suffolk,England,County,Matthew,Hancock,Con hold,CON,LAB,80193,51437,336,23194,33842,10648,4685,0,2262,0,0,0,0,0,0,0,0,0
West Worcestershire,England,County,Harriett,Baldwin,Con hold,CON,LD,76241,57530,296,24499,34909,9496,10410,0,2715,0,0,0,0,0,0,0,0,0
Wigan,England,County,Lisa,Nandy,Lab hold,LAB,CON,75680,45042,134,6728,14314,21042,2428,5959,1299,0,0,0,0,0,0,0,0,0
Wimbledon,England,Borough,Stephen,Hammond,Con hold,CON,LD,68240,53027,217,628,20373,12543,19745,0,0,0,0,0,0,0,0,0,366,0
Winchester,England,County,Stephen,Brine,Con hold,CON,LD,75582,58890,210,985,28430,2723,27445,0,0,0,0,0,0,0,0,0,292,0
Windsor,England,County,Adam,Afriyie,Con hold,CON,LD,75038,53750,201,20079,31501,8147,11422,0,1796,0,0,0,0,0,0,0,884,0
Wirral South,England,County,Alison,McGovern,Lab hold,LAB,CON,57280,43547,112,6105,16179,22284,2917,1219,948,0,0,0,0,0,0,0,0,0
Wirral West,England,County,Margaret,Greenwood,Lab hold,LAB,CON,55550,42918,107,3003,17692,20695,2706,860,965,0,0,0,0,0,0,0,0,0
Witham,England,County,Priti,Patel,Con hold,CON,LAB,70402,49344,209,24082,32876,8794,4584,0,3090,0,0,0,0,0,0,0,0,0
Witney,England,County,Robert,Courts,Con hold,CON,LD,83845,61305,392,15177,33856,8770,18679,0,0,0,0,0,0,0,0,0,0,0
Woking,England,County,Jonathan,Lord,Con hold,CON,LD,75424,53937,177,9767,26396,8827,16629,0,1485,0,0,0,0,0,0,0,600,0
Wokingham,England,County,John,Redwood,Con hold,CON,LD,83953,61997,219,7383,30734,6450,23351,0,1382,0,0,0,0,0,0,0,80,0
Wolverhampton North East,England,Borough,Jane,Stevenson,Con gain from Lab,CON,LAB,61660,34281,92,4080,17722,13642,960,1354,603,0,0,0,0,0,0,0,0,0
Wolverhampton South East,England,Borough,Pat,McFadden,Lab hold,LAB,CON,62883,33443,78,1235,14287,15522,1019,2094,521,0,0,0,0,0,0,0,0,0
Wolverhampton South West,England,Borough,Stuart,Anderson,Con gain from Lab,CON,LAB,60534,41136,148,1661,19864,18203,2041,1028,0,0,0,0,0,0,0,0,0,0
Worcester,England,Borough,Robin,Walker,Con hold,CON,LAB,73485,50898,174,6758,25856,19098,3666,0,1694,0,0,0,0,0,0,0,584,0
Workington,England,County,Mark,Jenkinson,Con gain from Lab,CON,LAB,61370,41599,93,4176,20488,16312,1525,1749,596,0,0,0,0,0,0,0,929,0
Worsley and Eccles South,England,County,Barbara,Keeley,Lab hold,LAB,CON,75219,44707,118,3219,17227,20446,2510,3224,1300,0,0,0,0,0,0,0,0,0
Worthing West,England,Borough,Peter,Bottomley,Con hold,CON,LAB,78585,54648,274,14823,30475,15652,6024,0,2008,0,0,0,0,0,0,0,489,0
Wycombe,England,County,Steve,Baker,Con hold,CON,LAB,78093,54756,168,4214,24766,20552,6543,0,1454,0,0,0,0,0,0,0,1441,0
Wyre and Preston North,England,County,Ben,Wallace,Con hold,CON,LAB,74775,52924,200,16781,31589,14808,4463,0,1729,0,0,0,0,0,0,0,335,0
Wyre Forest,England,County,Mark,Garnier,Con hold,CON,LAB,78077,50561,257,21413,32960,11547,4081,0,1973,0,0,0,0,0,0,0,0,0
Wythenshawe and Sale East,England,Borough,Michael,Kane,Lab hold,LAB,CON,76313,44759,125,10396,13459,23855,3111,2717,1559,0,0,0,0,0,0,0,58,0
Yeovil,England,County,Marcus,Fysh,Con hold,CON,LD,82468,59260,148,16181,34588,3761,18407,0,1629,0,0,0,0,0,0,0,875,0
York Central,England,Borough,Rachael,Maskell,Lab hold,LAB,CON,74899,49505,198,13545,13767,27312,4149,1479,2107,0,0,0,0,0,0,0,691,0
York Outer,England,County,Julian,Sturdy,Con hold,CON,LAB,74673,55347,228,9985,27324,17339,9992,0,0,0,0,0,0,0,0,0,692,0
Belfast East,Northern Ireland,Borough,Gavin,Robinson,DUP hold,DUP,APNI,66245,42445,169,1819,0,0,0,0,0,0,0,20874,0,0,2516,19055,0,0
Belfast North,Northern Ireland,Borough,John,Finucane,SF gain from DUP,SF,DUP,72225,49037,388,1943,0,0,0,0,0,0,0,21135,23078,0,0,4824,0,0
Belfast South,Northern Ireland,Borough,Claire,Hanna,SDLP gain from DUP,SDLP,DUP,69984,47352,172,15401,0,0,0,0,0,0,0,11678,0,27079,1259,6786,550,0
Belfast West,Northern Ireland,Borough,Paul,Maskey,SF hold,SF,PBPA,65644,38782,206,14672,0,0,0,0,0,0,0,5220,20866,2985,0,1882,7829,0
East Antrim,Northern Ireland,County,Sammy,Wilson,DUP hold,DUP,APNI,64830,37261,170,6706,1043,0,0,0,685,0,0,16871,2120,902,5475,10165,0,0
East Londonderry,Northern Ireland,County,Gregory,Campbell,DUP hold,DUP,SDLP,69246,39302,193,9607,0,0,0,0,0,0,0,15765,6128,6158,3599,5921,1731,0
Fermanagh and South Tyrone,Northern Ireland,County,Michelle,Gildernew,SF hold,SF,UUP,72848,50762,324,57,0,0,0,0,0,0,0,0,21986,3446,21929,2650,751,0
Foyle,Northern Ireland,County,Colum,Eastwood,SDLP gain from SF,SDLP,SF,74346,47144,226,17110,0,0,0,0,0,0,0,4773,9771,26881,1088,1267,3364,0
Lagan Valley,Northern Ireland,County,Jeffrey M.,Donaldson,DUP hold,DUP,APNI,75735,45405,184,6499,955,0,0,0,0,0,0,19586,1098,1758,8606,13087,315,0
Mid Ulster,Northern Ireland,County,Francie,Molloy,SF hold,SF,DUP,70449,44620,348,9537,0,0,0,0,0,0,0,10936,20473,6384,2611,3526,690,0
Newry and Armagh,Northern Ireland,County,Mickey,Brady,SF hold,SF,DUP,81226,50779,341,9287,0,0,0,0,0,0,0,11000,20287,9449,4204,4211,1628,0
North Antrim,Northern Ireland,County,Ian,Paisley,DUP hold,DUP,UUP,77134,44051,304,12721,0,0,0,0,0,0,0,20860,5632,2943,8139,6231,246,0
North Down,Northern Ireland,County,Stephen,Farry,APNI gain from Ind,APNI,DUP,67099,40643,172,2968,1959,0,0,0,0,0,0,15390,0,0,4936,18358,0,0
South Antrim,Northern Ireland,County,Paul,Girvan,DUP hold,DUP,UUP,71711,42974,214,2689,0,0,0,0,0,0,0,15149,4887,2288,12460,8190,0,0
South Down,Northern Ireland,County,Chris,Hazzard,SF hold,SF,SDLP,79175,49762,209,1620,0,0,0,0,0,0,0,7619,16137,14517,3307,6916,1266,0
Strangford,Northern Ireland,County,Jim,Shannon,DUP hold,DUP,APNI,66928,37485,175,7071,1476,0,0,0,790,0,0,17705,555,1994,4023,10634,308,0
Upper Bann,Northern Ireland,County,Carla,Lockhart,DUP hold,DUP,SF,82887,50045,303,8210,0,0,0,0,0,0,0,20501,12291,4623,6197,6433,0,0
West Tyrone,Northern Ireland,County,rfhlaith,Begley,SF hold,SF,DUP,66259,41186,189,7478,0,0,0,0,521,0,0,9066,16544,7330,2774,3979,972,0
Aberdeen North,Scotland,Burgh,Kirsty,Blackman,SNP hold,SNP,CON,62489,37413,72,12670,7535,4939,2846,1008,880,20205,0,0,0,0,0,0,0,0
Aberdeen South,Scotland,Burgh,Stephen,Flynn,SNP gain from Con,SNP,CON,65719,45638,131,3990,16398,3834,5018,0,0,20388,0,0,0,0,0,0,0,0
Airdrie and Shotts,Scotland,County,Neil,Gray,SNP hold,SNP,LAB,64011,39772,91,5201,7011,12728,1419,0,685,17929,0,0,0,0,0,0,0,0
Angus,Scotland,County,Dave,Doogan,SNP gain from Con,SNP,CON,63952,43170,92,3795,17421,2051,2482,0,0,21216,0,0,0,0,0,0,0,0
Argyll and Bute,Scotland,County,Brendan,O'Hara,SNP hold,SNP,CON,66525,48050,142,4110,16930,3248,6832,0,0,21040,0,0,0,0,0,0,0,0
"Ayr, Carrick and Cumnock",Scotland,County,Allan,Dorans,SNP gain from Con,SNP,CON,71970,46592,138,2329,17943,6219,2158,0,0,20272,0,0,0,0,0,0,0,0
Banff and Buchan,Scotland,County,David,Duguid,Con hold,CON,SNP,66655,42260,96,4118,21182,1734,2280,0,0,17064,0,0,0,0,0,0,0,0
"Berwickshire, Roxburgh and Selkirk",Scotland,County,John,Lamont,Con hold,CON,SNP,74518,53146,170,5148,25747,2513,4287,0,0,20599,0,0,0,0,0,0,0,0
"Caithness, Sutherland and Easter Ross",Scotland,County,Jamie,Stone,LD hold,LD,SNP,46930,31457,61,204,5176,1936,11705,1139,0,11501,0,0,0,0,0,0,0,0
Central Ayrshire,Scotland,County,Philippa,Whitford,SNP hold,SNP,CON,69742,46534,105,5304,16182,6583,2283,0,0,21486,0,0,0,0,0,0,0,0
"Coatbridge, Chryston and Bellshill",Scotland,Burgh,Steven,Bonnar,SNP gain from Lab,SNP,LAB,72943,48221,121,5624,6113,17056,1564,0,808,22680,0,0,0,0,0,0,0,0
"Cumbernauld, Kilsyth and Kirkintilloch East",Scotland,County,Stuart C.,McDonald,SNP hold,SNP,LAB,66079,45686,143,12976,7380,11182,2966,0,0,24158,0,0,0,0,0,0,0,0
Dumfries and Galloway,Scotland,County,Alister,Jack,Con hold,CON,SNP,74580,51429,123,1805,22678,4745,3133,0,0,20873,0,0,0,0,0,0,0,0
"Dumfriesshire, Clydesdale and Tweeddale",Scotland,County,David,Mundell,Con hold,CON,SNP,68330,49153,142,3781,22611,4172,3540,0,0,18830,0,0,0,0,0,0,0,0
Dundee East,Scotland,Burgh,Stewart,Hosie,SNP hold,SNP,CON,66210,45277,134,13375,10986,6045,3573,0,0,24361,0,0,0,0,0,0,312,0
Dundee West,Scotland,Burgh,Chris,Law,SNP hold,SNP,LAB,64431,41579,92,12259,5149,10096,2468,1271,0,22355,0,0,0,0,0,0,240,0
Dunfermline and West Fife,Scotland,County,Douglas,Chapman,SNP hold,SNP,LAB,76652,53482,130,10699,11207,13028,4262,0,1258,23727,0,0,0,0,0,0,0,0
East Dunbartonshire,Scotland,County,Amy,Callaghan,SNP gain from LD,SNP,LD,66075,53031,80,149,7455,4839,19523,0,916,19672,0,0,0,0,0,0,626,0
"East Kilbride, Strathaven and Lesmahagow",Scotland,County,Lisa,Cameron,SNP hold,SNP,LAB,81224,56337,137,13322,11961,12791,3760,0,1153,26113,0,0,0,0,0,0,559,0
East Lothian,Scotland,County,Kenny,MacAskill,SNP gain from Lab,SNP,LAB,81600,58513,114,3886,15523,17270,4071,0,0,21156,0,0,0,0,0,0,493,0
East Renfrewshire,Scotland,County,Kirsten,Oswald,SNP gain from Con,SNP,CON,72232,55357,176,5426,19451,6855,4174,0,0,24877,0,0,0,0,0,0,0,0
Edinburgh East,Scotland,Burgh,Tommy,Sheppard,SNP hold,SNP,LAB,69424,47815,142,10417,6549,12748,3289,0,2064,23165,0,0,0,0,0,0,0,0
Edinburgh North and Leith,Scotland,Burgh,Deidre,Brock,SNP hold,SNP,LAB,81336,59344,105,12808,11000,13117,6635,558,1971,25925,0,0,0,0,0,0,138,0
Edinburgh South,Scotland,Burgh,Ian,Murray,Lab hold,LAB,SNP,66188,49732,122,11095,8161,23745,3819,0,1357,12650,0,0,0,0,0,0,0,0
Edinburgh South West,Scotland,Burgh,Joanna,Cherry,SNP hold,SNP,CON,73501,52131,91,11982,12848,7478,4971,625,1265,24830,0,0,0,0,0,0,114,0
Edinburgh West,Scotland,Burgh,Christine,Jardine,LD hold,LD,SNP,72507,54533,124,3769,9283,4460,21766,0,1027,17997,0,0,0,0,0,0,0,0
Falkirk,Scotland,County,John,McNally,SNP hold,SNP,CON,84472,55872,217,14948,14403,6243,3990,0,1885,29351,0,0,0,0,0,0,0,0
Glasgow Central,Scotland,Burgh,Alison,Thewliss,SNP hold,SNP,LAB,69230,40105,153,6474,3698,13276,1952,0,1429,19750,0,0,0,0,0,0,0,0
Glasgow East,Scotland,Burgh,David,Linden,SNP hold,SNP,LAB,67381,38483,102,5566,5709,12791,1626,0,0,18357,0,0,0,0,0,0,0,0
Glasgow North,Scotland,Burgh,Patrick,Grady,SNP hold,SNP,LAB,57130,36191,84,5601,3806,11381,2394,320,1308,16982,0,0,0,0,0,0,0,0
Glasgow North East,Scotland,Burgh,Anne,McLaughlin,SNP gain from Lab Coop,SNP,LAB,61075,33925,116,2548,3558,13363,1093,0,0,15911,0,0,0,0,0,0,0,0
Glasgow North West,Scotland,Burgh,Carol,Monaghan,SNP hold,SNP,LAB,63402,39735,180,8359,6022,11319,2716,0,0,19678,0,0,0,0,0,0,0,0
Glasgow South,Scotland,Burgh,Stewart Malcolm,McDonald,SNP hold,SNP,LAB,70891,47443,80,9005,6237,13824,2786,516,1251,22829,0,0,0,0,0,0,0,0
Glasgow South West,Scotland,Burgh,Chris,Stephens,SNP hold,SNP,LAB,64575,36847,76,4900,4224,12743,1435,802,0,17643,0,0,0,0,0,0,0,0
Glenrothes,Scotland,County,Peter,Grant,SNP hold,SNP,LAB,65672,41546,70,11757,6920,9477,2639,1276,0,21234,0,0,0,0,0,0,0,0
Gordon,Scotland,County,Richard,Thomson,SNP gain from Con,SNP,CON,79629,55916,148,819,23066,3052,5913,0,0,23885,0,0,0,0,0,0,0,0
Inverclyde,Scotland,County,Ronnie,Cowan,SNP hold,SNP,LAB,60622,39903,125,7512,6265,11783,2560,0,0,19295,0,0,0,0,0,0,0,0
"Inverness, Nairn, Badenoch and Strathspey",Scotland,County,Drew,Hendry,SNP hold,SNP,CON,78059,54810,112,10440,15807,4123,5846,1078,1709,26247,0,0,0,0,0,0,0,0
Kilmarnock and Loudoun,Scotland,County,Alan,Brown,SNP hold,SNP,CON,74517,47631,138,12659,11557,9009,2444,0,0,24216,0,0,0,0,0,0,405,0
Kirkcaldy and Cowdenbeath,Scotland,County,Neale,Hanvey,SNP gain from Lab,SNP,LAB,72853,47005,108,1243,9449,15325,2903,1132,1628,16568,0,0,0,0,0,0,0,0
Lanark and Hamilton East,Scotland,County,Angela,Crawley,SNP hold,SNP,CON,77659,53072,129,5187,17056,10736,3037,0,0,22243,0,0,0,0,0,0,0,0
Linlithgow and East Falkirk,Scotland,County,Martyn,Day,SNP hold,SNP,CON,87044,57775,105,11266,14285,10517,4393,1257,1184,25551,0,0,0,0,0,0,588,0
Livingston,Scotland,County,Hannah,Bardell,SNP hold,SNP,CON,82285,54592,146,13435,12182,11915,3457,0,1421,25617,0,0,0,0,0,0,0,0
Midlothian,Scotland,County,Owen,Thompson,SNP gain from Lab,SNP,LAB,70544,48221,140,5705,10467,14328,3393,0,0,20033,0,0,0,0,0,0,0,0
Moray,Scotland,County,Douglas,Ross,Con hold,CON,SNP,71035,48825,92,513,22112,2432,2269,0,0,21599,0,0,0,0,0,0,413,0
Motherwell and Wishaw,Scotland,Burgh,Marion,Fellows,SNP hold,SNP,LAB,68856,44420,93,6268,7150,14354,1675,0,0,20622,0,0,0,0,0,0,619,0
Na h-Eileanan An Iar,Scotland,County,Angus Brendan,MacNeil,SNP hold,SNP,LAB,21106,14477,65,2438,3216,4093,637,0,0,6531,0,0,0,0,0,0,0,0
North Ayrshire and Arran,Scotland,County,Patricia,Gibson,SNP hold,SNP,CON,73534,48154,115,8521,14855,6702,2107,0,1114,23376,0,0,0,0,0,0,0,0
North East Fife,Scotland,County,Wendy,Chamberlain,LD gain from SNP,LD,SNP,60905,45878,140,1316,5961,1707,19763,0,0,18447,0,0,0,0,0,0,0,0
Ochil and South Perthshire,Scotland,County,John,Nicolson,SNP gain from Con,SNP,CON,78776,57813,131,4498,22384,4961,3204,0,0,26882,0,0,0,0,0,0,382,0
Orkney and Shetland,Scotland,County,Alistair,Carmichael,LD hold,LD,SNP,34211,23160,80,2507,2287,1550,10381,900,0,7874,0,0,0,0,0,0,168,0
Paisley and Renfrewshire North,Scotland,County,Gavin,Newlands,SNP hold,SNP,LAB,72007,49682,153,11902,11217,11451,3661,0,0,23353,0,0,0,0,0,0,0,0
Paisley and Renfrewshire South,Scotland,County,Mhairi,Black,SNP hold,SNP,LAB,64385,43084,133,10679,7571,10958,2918,0,0,21637,0,0,0,0,0,0,0,0
Perth and North Perthshire,Scotland,County,Pete,Wishart,SNP hold,SNP,CON,72600,54076,111,7550,19812,2471,3780,651,0,27362,0,0,0,0,0,0,0,0
"Ross, Skye and Lochaber",Scotland,County,Ian,Blackford,SNP hold,SNP,LD,54230,39869,80,9443,6900,2448,9820,710,0,19263,0,0,0,0,0,0,728,0
Rutherglen and Hamilton West,Scotland,Burgh,Margaret,Ferrier,SNP gain from Lab Coop,SNP,LAB,80918,53794,125,5230,8054,18545,2791,0,0,23775,0,0,0,0,0,0,629,0
Stirling,Scotland,County,Alyn,Smith,SNP gain from Con,SNP,CON,68473,52620,105,9254,17641,4275,2867,0,942,26895,0,0,0,0,0,0,0,0
West Aberdeenshire and Kincardine,Scotland,County,Andrew,Bowie,Con hold,CON,SNP,72640,53345,114,843,22752,2431,6253,0,0,21909,0,0,0,0,0,0,0,0
West Dunbartonshire,Scotland,County,Martin,Docherty-Hughes,SNP hold,SNP,LAB,66517,45140,104,9553,6436,12843,1890,0,867,22396,0,0,0,0,0,0,708,0
Aberavon,Wales,County,Stephen,Kinnock,Lab hold,LAB,CON,50750,31598,82,10490,6518,17008,1072,3108,450,0,2711,0,0,0,0,0,731,0
Aberconwy,Wales,County,Robin,Millar,Con hold,CON,LAB,44699,31865,123,2034,14687,12653,1821,0,0,0,2704,0,0,0,0,0,0,0
Alyn and Deeside,Wales,County,Mark,Tami,Lab hold,LAB,CON,62789,43008,121,213,18058,18271,2548,2678,0,0,1453,0,0,0,0,0,0,0
Arfon,Wales,County,Hywel,Williams,PC hold,PC,LAB,42215,29074,92,2781,4428,10353,0,1159,0,0,13134,0,0,0,0,0,0,0
Blaenau Gwent,Wales,County,Nick,Smith,Lab hold,LAB,REF,50739,30219,84,8647,5749,14862,1285,6215,386,0,1722,0,0,0,0,0,0,0
Brecon and Radnorshire,Wales,County,Fay,Jones,Con hold,CON,LD,55490,41319,110,7131,21958,3944,14827,0,0,0,0,0,0,0,0,0,590,0
Bridgend,Wales,County,Jamie,Wallis,Con gain from Lab,CON,LAB,63303,42236,101,1157,18193,17036,2368,1811,815,0,2013,0,0,0,0,0,0,0
Caerphilly,Wales,County,Wayne,David,Lab hold,LAB,CON,63166,40117,160,6833,11185,18018,0,4490,0,0,6424,0,0,0,0,0,0,0
Cardiff Central,Wales,Borough,Jo,Stevens,Lab hold,LAB,CON,64037,41822,204,17179,8426,25605,6298,1006,0,0,0,0,0,0,0,0,487,0
Cardiff North,Wales,Borough,Anna,McMorrin,Lab hold,LAB,CON,68438,52666,111,6982,19082,26064,3580,1311,820,0,1606,0,0,0,0,0,203,0
Cardiff South and Penarth,Wales,Borough,Stephen,Doughty,Lab hold,LAB,CON,78837,50579,160,12737,14645,27382,2985,1999,1182,0,2386,0,0,0,0,0,0,0
Cardiff West,Wales,Borough,Kevin,Brennan,Lab hold,LAB,CON,68508,46177,144,10986,12922,23908,2731,1619,1133,0,3864,0,0,0,0,0,0,0
Carmarthen East and Dinefwr,Wales,County,Jonathan,Edwards,PC hold,PC,CON,57419,41002,145,1809,14130,8622,0,2311,0,0,15939,0,0,0,0,0,0,0
Carmarthen West and South Pembrokeshire,Wales,County,Simon,Hart,Con hold,CON,LAB,59158,42114,146,7745,22183,14438,1860,0,0,0,3633,0,0,0,0,0,0,0
Ceredigion,Wales,County,Ben,Lake,PC hold,PC,CON,56386,40105,117,6329,8879,6317,6975,2063,663,0,15208,0,0,0,0,0,0,0
Clwyd South,Wales,County,Simon,Baynes,Con gain from Lab,CON,LAB,53919,36306,110,1239,16222,14983,1496,1468,0,0,2137,0,0,0,0,0,0,0
Clwyd West,Wales,County,David,Jones,Con hold,CON,LAB,57714,40203,147,6747,20403,13656,2237,0,0,0,3907,0,0,0,0,0,0,0
Cynon Valley,Wales,County,Beth,Winter,Lab hold,LAB,CON,51134,30236,99,8822,6711,15533,949,3045,0,0,2562,0,0,0,0,0,1436,0
Delyn,Wales,County,Rob,Roberts,Con gain from Lab,CON,LAB,54560,38370,105,865,16756,15891,2346,1971,0,0,1406,0,0,0,0,0,0,0
Dwyfor Meirionnydd,Wales,County,Liz,Saville Roberts,PC hold,PC,CON,44362,29928,128,4740,9707,3998,0,1776,0,0,14447,0,0,0,0,0,0,0
Gower,Wales,County,Tonia,Antoniazzi,Lab hold,LAB,CON,61762,44482,122,1837,18371,20208,2236,1379,0,0,2288,0,0,0,0,0,0,0
Islwyn,Wales,County,Chris,Evans,Lab hold,LAB,CON,55423,34350,145,5464,9892,15356,1313,4834,669,0,2286,0,0,0,0,0,0,0
Llanelli,Wales,County,Nia,Griffith,Lab hold,LAB,CON,60518,38233,152,4670,11455,16125,0,3605,0,0,7048,0,0,0,0,0,0,0
Merthyr Tydfil and Rhymney,Wales,County,Gerald,Jones,Lab hold,LAB,CON,56322,32246,83,10606,6307,16913,1116,3604,0,0,2446,0,0,0,0,0,1860,0
Monmouth,Wales,County,David T. C.,Davies,Con hold,CON,LAB,67098,50217,136,9982,26160,16178,4909,0,1353,0,1182,0,0,0,0,0,435,0
Montgomeryshire,Wales,County,Craig,Williams,Con hold,CON,LD,48997,34214,213,12138,20020,5585,7882,0,0,0,0,0,0,0,0,0,727,0
Neath,Wales,County,Christina,Rees,Lab hold,LAB,CON,56419,36756,107,5637,10283,15920,1485,3184,728,0,4495,0,0,0,0,0,661,0
Newport East,Wales,County,Jessica,Morden,Lab hold,LAB,CON,58554,36282,80,1992,14133,16125,2121,2454,577,0,872,0,0,0,0,0,0,0
Newport West,Wales,County,Ruth,Jones,Lab hold,LAB,CON,66657,43433,130,902,18075,18977,2565,1727,902,0,1187,0,0,0,0,0,0,0
Ogmore,Wales,County,Chris,Elmore,Lab hold,LAB,CON,57581,35390,96,7805,9797,17602,1460,2991,621,0,2919,0,0,0,0,0,0,0
Pontypridd,Wales,County,Alex,Davies-Jones,Lab hold,LAB,CON,60327,39060,153,5887,11494,17381,0,2917,0,0,4990,0,0,0,0,0,2278,0
Preseli Pembrokeshire,Wales,County,Stephen,Crabb,Con hold,CON,LAB,59606,42419,153,5062,21381,16319,1943,0,0,0,2776,0,0,0,0,0,0,0
Rhondda,Wales,County,Chris,Bryant,Lab hold,LAB,CON,50262,29642,83,11440,4675,16115,612,3733,438,0,4069,0,0,0,0,0,0,0
Swansea East,Wales,Borough,Carolyn,Harris,Lab hold,LAB,CON,58450,33579,66,7970,9435,17405,1409,2842,583,0,1905,0,0,0,0,0,0,0
Swansea West,Wales,Borough,Geraint,Davies,Lab hold,LAB,CON,57078,35830,127,8116,10377,18493,2993,1983,0,0,1984,0,0,0,0,0,0,0
Torfaen,Wales,County,Nick,Thomas-Symonds,Lab hold,LAB,CON,62330,37176,126,3742,11804,15546,1831,5742,812,0,1441,0,0,0,0,0,0,0
Vale Of Clwyd,Wales,County,James,Davies,Con gain from Lab,CON,LAB,56649,37213,84,1827,17270,15443,1471,1477,0,0,1552,0,0,0,0,0,0,0
Vale Of Glamorgan,Wales,County,Alun,Cairns,Con hold,CON,LAB,76508,54807,294,3562,27305,23743,0,0,3251,0,0,0,0,0,0,0,508,0
Wrexham,Wales,County,Sarah,Atherton,Con gain from Lab,CON,LAB,49737,33532,70,2131,15199,13068,1447,1222,445,0,2151,0,0,0,0,0,0,0
Ynys Mn,Wales,County,Virginia,Crosbie,Con gain from Lab,CON,LAB,51925,36552,121,1968,12959,10991,0,2184,0,0,10418,0,0,0,0,0,0,0
