Date,Poll,Sample_size,Funded,CON,LAB,LD,SNP,REF,PC,GRN
12 - 13 Jun 24, Whitestone Insight,2014, Mirror; Express,19,41,11,3,17,1,6
12 - 13 Jun 24, Techne*,1636, ,19,43,11,2,16,0,6
12 - 13 Jun 24, YouGov,2211, Times,18,37,14,3,19,1,7
12 - 13 Jun 24, Redfield and Wilton,1500, ,18,42,13,3,17,0,5
12 - 13 Jun 24, WeThink,1297, ,20,43,11,2,14,1,6
12 Jun 24, PeoplePolling,1234, GB News,19,39,10,3,17,0,9
11 - 12 Jun 24, BMG,1546, The i,21,41,12,3,14,1,6
11 - 12 Jun 24, More in Common,2037, News Agents,25,41,10,3,13,1,5
10 - 12 Jun 24, Norstat,1017, ,21,41,11,3,17,1,6
10 - 11 Jun 24, YouGov,1611, Sky News,18,38,15,2,17,1,8
7 - 11 Jun 24, Focaldata,3124, ,24,42,9,3,15,1,5
5 - 11 Jun 24, Survation*,1076, Good Morning Britain,23,41,10,3,12,0,6
7 - 10 Jun 24, Verian,1305, ,20,41,11,3,15,1,8
7 - 10 Jun 24, Redfield and Wilton,10000, ,19,45,10,3,17,0,5
7 - 9 Jun 24, Savanta,2219, Telegraph,25,44,9,3,10,0,4
7 - 9 Jun 24, JL Partners,2004, Rest is Politics,24,41,11,3,15,0,5
6 - 8 Jun 24, Deltapoll,2010, Mail on Sunday,21,46,9,4,12,1,5
6 - 7 Jun 24, WeThink,1198, ,20,45,10,3,15,1,5
5 - 7 Jun 24, Opinium,2166, Observer,25,45,8,3,11,0,6
5 - 7 Jun 24, Savanta,2095, Telegraph,26,46,10,2,11,1,3
5 - 7 Jun 24, More in Common,2618, ,25,46,9,3,11,0,6
5 - 6 Jun 24, Whitestone Insight,2001, Mirror; Express,22,42,9,3,16,0,5
5 - 6 Jun 24, YouGov,1650, ,19,41,11,3,16,1,7
5 - 6 Jun 24, Techne*,1645, ,20,44,10,3,15,0,6
5 - 6 Jun 24, Survation,1056, ,23,43,9,3,15,0,5
5 - 6 Jun 24, Redfield and Wilton,2000, ,19,42,12,3,17,0,6
3 - 6 Jun 24, Focaldata,2077, ,25,44,9,2,14,0,5
4 - 5 Jun 24, Norstat,1005, ,22,45,10,3,14,0,5
4 - 5 Jun 24, BMG,1534, The i,23,42,9,4,16,0,6
3 - 4 Jun 24, YouGov,2144, Sky News,19,40,10,3,17,1,7
31 May - 4 Jun 24, Ipsos*,1014, ,23,43,8,5,9,1,9
1 - 3 Jun 24, More in Common,2055, ,27,46,8,3,10,1,5
31 May - 3 Jun 24, Deltapoll,1077, ,25,48,10,2,9,1,4
30 May - 3 Jun 24, Verian,1405, ,23,41,12,3,9,1,8
31 May - 2 Jun 24, Savanta,2209, Telegraph,28,42,9,3,9,0,4
31 May - 2 Jun 24, JL Partners,2013, Rest is Politics,26,43,11,3,12,0,3
31 May - 2 Jun 24, Redfield and Wilton,10000, ,20,46,10,2,14,0,5
22 May - 2 Jun 24, Survation,30044, Best for Britain,24,43,10,3,11,1,4
30 - 31 May 24, Focaldata,2626, ,26,43,9,2,12,0,6
30 - 31 May 24, WeThink,1328, ,21,46,8,3,13,0,6
29 - 31 May 24, Opinium,2184, Observer,25,45,8,3,11,0,6
29 - 30 May 24, Whitestone Insight,2005, Mirror; Express,24,44,9,3,11,1,6
29 - 30 May 24, Techne*,1630, ,21,45,11,2,12,0,6
29 - 30 May 24, YouGov,2040, Times,21,46,8,2,15,1,6
28 - 29 May 24, BMG,1500, The i,27,43,9,3,11,0,6
27 - 29 May 24, More in Common,2049, ,26,45,9,2,11,0,5
9 Apr - 29 May 24, More in Common,15089, News Agents,29,43,11,3,8,0,5
27 - 28 May 24, YouGov,2128, Sky News,20,47,9,3,12,1,7
25 - 27 May 24, Redfield and Wilton,12000, ,23,46,9,3,13,1,5
24 - 27 May 24, Survation,2040, ,24,47,11,3,8,1,3
20 - 27 May 24, Electoral Calculus/Find Out Now,10390, Daily Mail,19,46,10,3,12,1,8
24 - 26 May 24, Savanta,2235, Telegraph,27,44,10,3,8,1,4
24 - 25 May 24, JL Partners,2013, Rest is Politics,28,40,10,3,12,1,5
23 - 25 May 24, Deltapoll,1517, Mail on Sunday,23,45,9,3,10,1,6
23 - 24 May 24, Opinium,2050, Observer,27,41,10,2,10,1,7
23 - 24 May 24, YouGov,2072, Times,22,44,9,3,14,1,6
23 - 24 May 24, WeThink,1242, ,22,47,8,3,12,0,6
22 - 23 May 24, Techne*,1643, ,19,45,12,2,14,0,5
22 - 23 May 24, More in Common,2008, ,27,44,9,3,10,0,5
21 - 22 May 24, YouGov,2093, Times,21,46,9,3,12,0,7
21 - 22 May 24, Survation,1016, ,27,48,8,3,8,1,2
17 - 20 May 24, Deltapoll,1968, ,23,45,10,3,12,1,5
19 May 24, Redfield and Wilton,3700, ,23,45,10,2,12,1,5
17 - 19 May 24, Savanta,2295, Telegraph,26,43,10,3,9,0,5
17 - 19 May 24, More in Common,2308, ,27,43,9,2,11,1,6
16 - 17 May 24, WeThink,1064, ,23,46,8,2,11,0,8
15 - 17 May 24, Opinium,2029, Observer,25,43,9,3,10,0,7
16 May 24, PeoplePolling,1476, GB News,20,46,8,3,14,0,8
15 - 16 May 24, Whitestone Insight,2024, Mirror; Express,24,44,8,3,13,0,6
15 - 16 May 24, Techne*,1641, ,21,44,12,2,12,0,6
15 - 16 May 24, YouGov,2003, Times,20,47,9,3,11,1,8
8 - 14 May 24, Ipsos*,1008, ,20,41,11,3,9,1,11
10 - 13 May 24, Deltapoll,1031, ,27,45,8,2,10,1,6
12 May 24, Redfield and Wilton,3000, ,21,42,12,3,15,0,6
10 - 12 May 24, Savanta,2090, Telegraph,25,43,12,3,10,1,4
9 - 10 May 24, WeThink,1183, ,24,47,9,2,10,0,6
9 - 10 May 24, Survation,1054, ,24,44,10,2,8,1,7
8 - 9 May 24, Techne*,1638, ,21,45,11,2,12,0,6
7 - 8 May 24, YouGov,2072, Times,18,48,9,3,13,1,7
3 - 7 May 24, Deltapoll,1993, ,26,43,10,3,10,1,5
5 May 24, Redfield and Wilton,2000, ,21,44,9,3,15,0,5
3 - 5 May 24, Savanta,2267, Telegraph,27,43,11,3,9,1,4
2 - 5 May 24, JL Partners,2001, Rest is Politics,26,41,11,3,13,0,5
2 - 3 May 24, More in Common,2135, ,26,43,10,3,11,0,5
2 - 3 May 24, WeThink,1177, ,24,44,8,2,13,1,6
1 - 3 May 24, Opinium,1402, Observer,24,40,11,3,12,1,7
1 - 2 May 24, Techne*,1633, ,22,44,10,2,13,0,6
30 Apr - 1 May 24, YouGov,2010, Times,18,44,10,2,15,1,8
26 - 29 Apr 24, Deltapoll,1577, ,24,44,8,3,12,2,5
28 Apr 24, Redfield and Wilton,2000, ,22,45,9,2,14,1,6
26 - 28 Apr 24, More in Common,2053, ,24,43,11,3,11,0,5
26 - 28 Apr 24, Savanta,2144, Telegraph,26,44,10,3,10,0,3
25 - 26 Apr 24, WeThink,1265, ,22,44,9,3,13,1,6
24 - 25 Apr 24, Techne*,1642, ,23,44,9,3,12,0,6
23 - 25 Apr 24, Survation,2036, Good Morning Britain,26,44,9,3,10,1,3
23 - 24 Apr 24, YouGov,2100, Times,20,45,9,3,13,1,7
22 - 23 Apr 24, BMG,1500, The i,25,41,9,3,14,0,6
19 - 22 Apr 24, Deltapoll,1525, ,27,43,9,3,12,1,5
21 Apr 24, Redfield and Wilton,2000, ,20,43,12,3,14,0,6
19 - 21 Apr 24, Savanta,2332, Telegraph,27,43,9,2,10,1,4
18 - 19 Apr 24, WeThink,1266, ,26,43,9,2,11,0,7
17 - 19 Apr 24, Opinium,1943, Observer,25,41,10,2,13,1,7
17 - 18 Apr 24, Survation,1010, ,26,44,11,3,8,1,4
17 - 18 Apr 24, Techne*,1640, ,22,45,9,3,13,0,5
16 - 17 Apr 24, YouGov,2048, Times,21,44,8,3,14,1,8
15 Apr 24, More in Common,2051, ,26,43,10,3,11,1,6
12 - 15 Apr 24, Deltapoll,1944, ,25,45,9,3,10,2,5
3 - 15 Apr 24, Ipsos*,1072, ,19,44,9,3,13,1,9
14 Apr 24, Redfield and Wilton,2000, ,22,44,9,3,15,0,6
12 - 14 Apr 24, Savanta,2221, Telegraph,25,43,10,3,9,0,4
11 - 12 Apr 24, WeThink,1271, ,24,44,9,2,11,1,6
10 - 11 Apr 24, Techne*,1630, ,23,44,10,3,12,0,5
10 - 11 Apr 24, YouGov,2044, Times,19,45,8,3,15,0,7
5 - 9 Apr 24, More in Common,2142, ,26,43,10,3,12,0,5
7 Apr 24, Redfield and Wilton,2000, ,21,44,10,2,15,0,6
5 - 7 Apr 24, Savanta,2210, Telegraph,27,42,10,3,10,0,4
4 - 7 Apr 24, JL Partners,2011, Rest is Politics,24,42,10,4,13,1,5
4 - 5 Apr 24, WeThink,1280, ,24,45,10,2,13,0,5
3 - 5 Apr 24, Opinium,1968, Observer,25,41,10,3,11,1,8
4 Apr 24, PeoplePolling,1809, GB News,19,45,9,4,14,0,8
3 - 4 Apr 24, Techne*,1638, ,22,45,9,3,13,0,5
2 - 3 Apr 24, BMG,1530, The i,25,43,8,3,14,0,8
2 - 3 Apr 24, YouGov,2004, Times,20,43,8,2,16,0,8
31 Mar 24, Redfield and Wilton,2000, ,22,46,10,3,14,1,5
27 - 28 Mar 24, Techne*,1641, ,23,44,10,3,12,0,5
27 - 28 Mar 24, WeThink,1285, ,25,44,10,3,10,1,5
26 - 27 Mar 24, YouGov,2061, Times,21,40,10,3,16,1,8
25 - 27 Mar 24, Savanta,3302, Sun,24,45,10,3,12,1,3
7 - 27 Mar 24, YouGov,18761, Times,24,41,12,0,12,0,7
22 - 25 Mar 24, Deltapoll,1589, ,26,44,9,3,11,1,6
24 Mar 24, Redfield and Wilton,2000, ,22,42,12,2,14,0,6
23 - 24 Mar 24, More in Common,1966, ,27,42,10,3,11,1,5
22 - 24 Mar 24, Savanta,2216, Telegraph,24,44,10,3,11,0,4
20 - 22 Mar 24, Opinium,1874, Observer,25,41,10,3,11,0,8
8 - 22 Mar 24, Survation,15029, Best for Britain,26,45,10,3,9,1,4
21 - 22 Mar 24, WeThink,1270, ,24,47,10,2,11,0,6
20 - 21 Mar 24, Techne*,1632, ,22,43,10,3,13,0,6
19 - 20 Mar 24, More in Common,2027, ,25,43,11,3,11,1,5
19 - 20 Mar 24, YouGov,2037, Times,19,44,9,3,15,1,8
15 - 18 Mar 24, Deltapoll,2072, ,23,46,9,2,12,1,5
17 Mar 24, Redfield and Wilton,2000, ,21,47,8,3,14,0,6
15 - 17 Mar 24, Savanta,2133, Telegraph,26,44,9,3,11,0,4
14 - 15 Mar 24, WeThink,1270, ,25,43,10,2,12,1,6
13 - 14 Mar 24, Techne*,1637, ,22,44,11,3,12,0,5
11 - 14 Mar 24, Survation,1043, ,26,45,11,2,8,0,3
12 - 13 Mar 24, YouGov,2047, Times,20,44,9,3,14,1,7
8 - 11 Mar 24, More in Common,2027, ,27,42,10,3,10,1,6
8 - 11 Mar 24, Deltapoll,1502, ,27,44,10,2,11,1,4
10 Mar 24, Redfield and Wilton,2000, ,24,42,12,2,14,0,5
8 - 10 Mar 24, Savanta,2032, ,25,43,11,3,9,0,4
7 - 8 Mar 24, WeThink,1216, ,24,43,9,3,13,1,6
6 - 8 Mar 24, Opinium,2054, Observer,25,41,10,3,11,1,7
7 Mar 24, PeoplePolling,1734, GB News,18,46,10,4,13,0,7
6 - 7 Mar 24, YouGov,2053, Times,20,47,9,3,13,1,7
6 - 7 Mar 24, Techne*,1640, ,23,44,11,3,11,0,6
6 - 7 Mar 24, BMG,1541, The i,25,41,10,3,13,0,6
1 - 4 Mar 24, Deltapoll,1500, ,27,41,9,3,12,0,6
1 - 3 Mar 24, Savanta,2245, ,27,44,10,3,8,1,4
3 Mar 24, Redfield and Wilton,2000, ,23,43,10,3,13,0,6
29 Feb - 1 Mar 24, WeThink,1240, ,23,47,9,3,10,0,5
28 - 29 Feb 24, Techne*,1632, ,23,44,10,3,10,0,7
28 - 29 Feb 24, YouGov,2100, Times,20,46,7,3,14,1,7
21 - 28 Feb 24, Ipsos*,1004, Evening Standard,20,47,9,4,8,1,8
23 - 27 Feb 24, More in Common,2075, ,28,43,10,3,9,0,5
23 - 26 Feb 24, Deltapoll,1490, ,23,44,11,3,10,1,5
25 Feb 24, Redfield and Wilton,2000, ,23,43,10,3,12,1,8
23 - 25 Feb 24, Savanta,2097, ,26,44,10,3,10,1,4
22 - 23 Feb 24, WeThink,1243, ,25,44,9,3,10,0,6
21 - 23 Feb 24, Opinium,2079, Observer,27,42,10,3,10,1,7
21 - 22 Feb 24, Techne*,1637, ,24,44,10,3,10,0,6
20 - 21 Feb 24, YouGov,2035, Times,20,46,9,4,11,0,8
16 - 19 Feb 24, Deltapoll,1519, ,27,48,8,3,7,0,6
18 Feb 24, Redfield and Wilton,2000, ,23,46,9,3,11,0,6
16 - 18 Feb 24, Savanta,2118, ,28,42,10,3,8,1,4
15 - 16 Feb 24, WeThink,1246, ,26,46,9,2,8,0,6
14 - 16 Feb 24, Opinium,2002, Observer,27,43,10,3,9,1,7
14 - 15 Feb 24, Techne*,1628, ,23,42,11,3,11,0,7
14 - 15 Feb 24, YouGov,2030, Times,24,44,9,3,11,0,8
13 - 15 Feb 24, Survation,1020, ,29,44,9,3,7,1,3
9 - 12 Feb 24, YouGov,4014, WPI Strategy,22,45,9,3,12,1,7
9 - 12 Feb 24, Deltapoll,1977, ,27,45,8,3,10,0,4
24 Jan - 12 Feb 24, Find Out Now,18151, Mirror,22,42,11,4,10,1,7
11 Feb 24, Redfield and Wilton,2000, ,21,46,11,3,12,1,5
9 - 11 Feb 24, Savanta,2224, ,29,41,11,3,8,1,3
7 - 11 Feb 24, More in Common,2050, ,29,40,11,3,10,0,6
8 - 9 Feb 24, WeThink,1171, ,26,42,10,3,10,0,6
6 - 9 Feb 24, Opinium,2060, Observer,25,43,11,2,10,1,6
7 - 8 Feb 24, Techne*,1639, ,24,44,10,3,10,0,6
7 - 8 Feb 24, YouGov,2029, Times,21,46,9,3,12,0,7
23 Jan - 7 Feb 24, Whitestone Insight,13534, ,20,42,10,3,13,1,8
3 - 5 Feb 24, Redfield and Wilton,5000, ,23,44,11,3,12,0,5
2 - 5 Feb 24, Deltapoll,2004, ,27,43,10,3,9,1,5
4 Feb 24, Redfield and Wilton,2000, ,24,45,9,3,12,0,4
1 - 2 Feb 24, WeThink,1283, ,23,45,9,3,11,1,5
31 Jan - 1 Feb 24, Techne*,1634, ,23,45,10,3,10,0,6
30 - 31 Jan 24, Survation,1042, ,27,44,11,4,7,1,3
30 - 31 Jan 24, YouGov,2008, Times,23,44,9,3,12,1,6
26 - 31 Jan 24, More in Common,3113, ,29,43,10,3,8,1,6
26 - 29 Jan 24, Deltapoll,2064, ,29,43,10,2,9,0,6
28 Jan 24, Redfield and Wilton,2000, ,22,45,11,3,12,0,6
26 - 28 Jan 24, Savanta,2279, ,27,46,10,2,9,0,3
25 - 26 Jan 24, WeThink,1264, ,23,47,9,2,12,0,6
23 - 26 Jan 24, Opinium,2060, Observer,27,42,10,3,10,1,6
25 Jan 24, PeoplePolling,1648, GB News,20,45,10,4,12,0,9
24 - 25 Jan 24, Techne*,1641, ,24,44,10,3,9,0,7
23 - 24 Jan 24, YouGov,2008, Times,20,47,8,4,13,1,6
17 - 23 Jan 24, Ipsos*,1003, Evening Standard,27,49,7,4,4,1,7
19 - 22 Jan 24, Deltapoll,2176, ,28,45,9,3,8,0,5
21 Jan 24, Redfield and Wilton,2000, ,22,45,11,2,12,1,6
19 - 21 Jan 24, Savanta,2017, ,29,43,10,3,8,1,4
18 - 19 Jan 24, WeThink,1163, ,23,48,9,3,10,0,5
17 - 18 Jan 24, Techne*,1640, ,25,43,11,3,9,0,6
16 - 17 Jan 24, YouGov,2092, Times,20,47,8,3,12,1,7
12 - 15 Jan 24, Deltapoll,2136, ,28,44,10,3,7,0,6
14 Jan 24, Redfield and Wilton,2000, ,25,44,10,3,11,1,5
12 - 14 Jan 24, Savanta,2148, ,27,44,11,3,7,1,4
11 - 12 Jan 24, WeThink,1161, ,23,45,11,3,11,0,5
10 - 12 Jan 24, Opinium,2050, Observer,27,41,11,4,10,1,6
10 - 11 Jan 24, YouGov,2057, Times,22,45,9,3,10,1,8
10 - 11 Jan 24, Techne*,1633, ,24,44,10,3,10,0,6
9 - 11 Jan 24, More in Common,2056, ,27,42,10,3,9,0,8
7 Jan 24, Redfield and Wilton,2000, ,27,43,10,3,11,1,5
5 - 7 Jan 24, Savanta,2268, ,26,45,10,3,8,1,5
4 - 5 Jan 24, WeThink,1226, ,25,47,9,2,10,0,5
12 Dec 23 - 4 Jan 24, YouGov,14110, Conservative Britain Alliance,26,40,13,3,9,0,8
2 - 3 Jan 24, YouGov,2016, Times,22,46,10,3,9,1,7
28 - 30 Dec 23, WeThink,1181, ,26,43,11,2,11,1,6
22 - 29 Dec 23, Deltapoll,1642, Mirror,28,42,12,2,9,0,6
28 Dec 23, PeoplePolling,1987, GB News,23,45,10,4,10,1,6
20 - 22 Dec 23, WeThink,1177, ,27,41,12,3,9,0,6
20 - 21 Dec 23, Techne*,1646, ,23,43,11,3,10,0,7
19 - 20 Dec 23, YouGov,2052, Times,24,43,10,3,11,1,7
15 - 18 Dec 23, Survation,1044, ,28,45,10,2,8,1,2
17 Dec 23, Redfield and Wilton,2000, ,24,42,11,4,10,0,6
15 - 17 Dec 23, Savanta,2286, ,27,43,10,3,9,0,3
14 - 15 Dec 23, WeThink,1065, ,25,46,10,3,9,0,5
13 - 15 Dec 23, Opinium,2132, Observer,27,40,11,3,9,0,7
13 - 14 Dec 23, Techne*,1637, ,22,44,12,3,9,0,7
12 - 14 Dec 23, More in Common,2041, ,28,42,11,4,8,1,6
12 - 13 Dec 23, YouGov,2018, Times,22,44,10,3,11,1,7
8 - 11 Dec 23, Deltapoll,1005, ,29,40,11,3,7,1,7
10 Dec 23, Redfield and Wilton,2000, ,25,43,13,2,11,0,5
8 - 10 Dec 23, Savanta,2079, ,26,43,10,3,9,1,4
7 - 8 Dec 23, WeThink,1201, ,25,45,11,2,9,0,5
6 - 7 Dec 23, Techne*,1642, ,22,45,12,3,8,0,7
6 - 7 Dec 23, YouGov,2054, Times,22,45,10,3,11,1,7
1 - 7 Dec 23, Ipsos*,1008, Evening Standard,24,41,13,3,7,0,9
1 - 4 Dec 23, Deltapoll,1000, ,27,42,13,3,6,1,6
30 Nov - 4 Dec 23, More in Common,2030, ,29,41,12,3,8,1,6
3 Dec 23, Redfield and Wilton,2000, ,26,42,12,3,10,0,6
1 - 3 Dec 23, Savanta,2086, ,28,43,11,3,7,1,3
30 Nov - 1 Dec 23, WeThink,1123, ,28,44,9,3,8,0,6
29 - 30 Nov 23, Techne*,1629, ,23,45,11,3,8,0,7
29 - 30 Nov 23, YouGov,2055, Times,22,45,10,4,9,1,7
27 - 30 Nov 23, BMG,1502, The i,27,43,10,2,11,0,5
24 - 27 Nov 23, More in Common,2022, Times Radio,28,44,10,3,8,1,5
24 - 27 Nov 23, Deltapoll,1996, ,28,42,11,3,7,0,6
26 Nov 23, Redfield and Wilton,2000, ,25,45,11,3,10,0,6
24 - 26 Nov 23, Savanta,2266, ,26,44,11,3,7,0,5
23 - 24 Nov 23, WeThink,1119, ,26,44,12,3,8,1,6
22 - 24 Nov 23, Opinium,2060, Observer,26,42,11,3,8,1,7
23 Nov 23, PeoplePolling,1564, Migration Watch,22,45,10,2,11,1,8
22 - 23 Nov 23, YouGov,2069, Times,25,44,10,4,10,1,7
22 - 23 Nov 23, Techne*,1640, ,21,46,12,3,8,0,7
16 - 20 Nov 23, Deltapoll,1565, ,27,44,10,3,6,1,6
19 Nov 23, Redfield and Wilton,2000, ,24,43,14,4,7,0,5
17 - 19 Nov 23, Savanta,2263, ,27,44,11,3,7,1,5
16 - 17 Nov 23, WeThink,1150, ,25,45,11,3,10,0,5
15 - 17 Nov 23, Opinium,2056, Observer,27,40,12,3,9,1,6
15 - 17 Nov 23, More in Common,2031, ,29,41,13,3,7,1,5
15 - 16 Nov 23, Techne*,1632, ,22,46,11,3,8,0,7
14 - 15 Nov 23, YouGov,2480, Times,21,44,10,4,10,1,8
13 - 14 Nov 23, Find Out Now,2198, Mirror,19,46,9,5,10,1,8
14 Nov 23, PeoplePolling,1581, GB News,19,49,9,3,11,1,7
10 - 13 Nov 23, Deltapoll,1840, ,28,44,13,3,4,1,6
12 Nov 23, Redfield and Wilton,2000, ,27,43,12,3,8,0,6
10 - 12 Nov 23, Savanta,2230, ,28,46,10,2,6,0,4
9 - 10 Nov 23, WeThink,1147, ,24,48,9,3,8,1,6
8 - 10 Nov 23, Opinium,2050, Observer,26,43,11,3,9,1,6
8 - 9 Nov 23, Techne*,1634, ,25,46,10,2,7,0,7
7 - 8 Nov 23, YouGov,2080, Times,23,47,10,3,8,1,7
3 - 6 Nov 23, Deltapoll,1021, ,24,45,12,3,6,1,7
5 Nov 23, Redfield and Wilton,2000, ,28,45,11,2,9,0,4
3 - 5 Nov 23, Savanta,2271, ,29,45,11,2,5,1,3
3 Nov 23, PeoplePolling,1602, GB News,21,45,9,4,10,1,8
2 - 3 Nov 23, WeThink,1155, ,27,45,10,3,9,0,5
31 Oct - 3 Nov 23, Survation,12188, UK Spirits Alliance,29,46,10,3,5,1,3
1 - 2 Nov 23, Techne*,1635, ,26,45,11,2,6,0,6
28 Oct - 2 Nov 23, More in Common,2042, ,28,44,10,3,7,0,7
31 Oct - 1 Nov 23, YouGov,2193, Times,23,44,9,3,9,1,9
31 Oct 23, Find Out Now,2461, ,23,45,10,4,8,0,7
27 - 30 Oct 23, Deltapoll,1546, ,25,46,11,2,7,0,6
29 Oct 23, Redfield and Wilton,2000, ,25,45,13,3,7,1,6
27 - 29 Oct 23, Savanta,2043, ,29,46,9,2,7,1,3
26 - 27 Oct 23, WeThink,1189, ,26,46,10,3,7,0,6
25 - 27 Oct 23, Opinium,2050, Observer,27,42,10,3,8,1,7
25 - 26 Oct 23, Techne*,1630, ,25,46,11,3,7,0,5
24 - 25 Oct 23, YouGov,2035, Times,24,48,9,4,8,1,5
23 Oct 23, PeoplePolling,1906, GB News,21,45,9,4,9,1,7
22 Oct 23, Redfield and Wilton,2000, ,26,44,13,2,8,0,4
20 - 22 Oct 23, Savanta,2279, ,29,46,10,2,5,0,3
19 - 20 Oct 23, Deltapoll,1036, ,27,47,10,2,6,1,5
19 - 20 Oct 23, WeThink,1185, ,27,48,10,2,7,1,4
18 - 19 Oct 23, Techne*,1634, ,26,45,11,3,6,0,6
11 - 18 Oct 23, Ipsos*,1003, ,24,44,13,4,4,1,9
17 - 18 Oct 23, YouGov,2031, Times,25,47,9,3,7,1,7
13 - 16 Oct 23, Deltapoll,1568, ,27,47,10,2,5,1,6
14 - 16 Oct 23, More in Common,2336, ,30,42,12,3,7,0,6
15 Oct 23, Redfield and Wilton,2000, ,29,43,14,1,7,1,4
13 - 15 Oct 23, Savanta,2258, ,29,45,10,3,5,1,2
11 - 13 Oct 23, Opinium,2052, Observer,28,44,10,3,6,1,6
12 - 13 Oct 23, WeThink,1198, ,28,44,9,3,7,0,6
11 - 12 Oct 23, YouGov,2067, Times,24,47,9,4,8,1,6
11 - 12 Oct 23, Techne*,1631, ,26,46,10,3,6,0,6
11 - 12 Oct 23, BMG,1591, The i,28,40,10,2,7,0,5
8 Oct 23, Redfield and Wilton,2000, ,27,43,13,1,8,1,6
6 - 8 Oct 23, Savanta,2227, ,30,46,10,2,5,0,3
5 - 6 Oct 23, Deltapoll,1517, ,28,43,12,3,7,0,6
5 - 6 Oct 23, WeThink,1261, ,28,44,10,2,6,0,5
4 - 6 Oct 23, Opinium,2049, Observer,29,42,11,3,6,0,6
4 - 5 Oct 23, YouGov,2062, Times,24,45,11,4,8,1,7
4 - 5 Oct 23, Techne*,1635, ,26,45,11,3,6,0,6
4 - 5 Oct 23, BMG,1502, The i,30,44,10,2,7,0,6
29 Sept - 2 Oct 23, Deltapoll,1516, ,26,44,12,3,5,1,6
29 Sept - 1 Oct 23, Savanta,2129, ,27,46,11,3,5,0,4
1 Oct 23, Redfield and Wilton,2000, ,29,43,12,3,7,0,4
28 - 29 Sept 23, WeThink,1285, ,27,47,10,3,7,0,5
27 - 29 Sept 23, Opinium,3016, Observer,29,39,12,3,7,1,7
26 - 27 Sept 23, YouGov,2066, Times,24,45,11,3,8,1,7
26 - 27 Sept 23, Techne*,1633, ,27,45,10,3,6,0,6
22 - 25 Sept 23, Deltapoll,1507, ,28,44,10,4,5,1,6
11 - 25 Sept 23, Survation,11793, 38 Degrees,29,46,12,4,5,1,3
24 Sept 23, Redfield and Wilton,2000, ,28,43,13,2,8,0,5
22 - 24 Sept 23, Savanta,2093, ,30,44,11,2,5,0,4
21 - 22 Sept 23, YouGov,2144, Times,27,43,10,4,8,1,7
21 - 22 Sept 23, WeThink,1313, ,28,45,9,3,6,0,6
20 - 21 Sept 23, Techne*,1636, ,26,45,11,3,5,0,7
18 - 20 Sept 23, More in Common,2019, ,28,43,12,3,7,0,6
18 Sept 23, PeoplePolling,1948, GB News,20,44,9,4,9,1,8
17 Sept 23, Redfield and Wilton,2000, ,26,44,14,3,6,0,6
15 - 17 Sept 23, Savanta,2255, ,26,46,12,3,5,0,4
11 - 15 Sept 23, Deltapoll,2039, ,23,47,10,4,6,1,7
13 - 15 Sept 23, Opinium,2051, Observer,26,41,11,3,8,1,7
14 - 15 Sept 23, WeThink,1268, ,27,44,11,3,7,0,6
13 - 14 Sept 23, YouGov,2049, Times,24,45,9,3,8,1,9
13 - 14 Sept 23, Techne*,1634, ,26,46,10,3,6,0,6
13 Sept 23, PeoplePolling,1900, GB News,23,41,9,4,10,2,9
6 - 12 Sept 23, Ipsos*,1004, ,24,44,12,4,4,0,8
10 Sept 23, Redfield and Wilton,2000, ,25,45,12,4,6,0,6
7 - 8 Sept 23, YouGov,2107, Times,24,46,10,4,6,1,7
7 - 8 Sept 23, WeThink,1268, ,26,46,9,3,6,0,6
6 - 7 Sept 23, Techne*,1627, ,25,46,10,3,7,0,6
31 Aug - 4 Sept 23, Kantar Public,1146, ,27,43,13,5,4,0,5
1 - 4 Sept 23, Deltapoll,2009, ,28,46,10,3,7,1,5
3 Sept 23, Redfield and Wilton,2000, ,28,44,14,3,6,0,4
1 - 3 Sept 23, Savanta,2223, ,29,45,10,3,6,1,3
31 Aug - 1 Sept 23, WeThink,1294, ,25,46,11,3,7,0,5
31 Aug - 1 Sept 23, Opinium,2055, Observer,28,42,9,3,8,0,8
18 Aug - 1 Sept 23, Survation,20205, ,29,46,11,3,4,1,3
30 - 31 Aug 23, Techne*,1633, ,24,45,11,3,8,0,6
30 - 31 Aug 23, YouGov,2103, Times,26,44,10,4,7,1,7
27 Aug 23, Redfield and Wilton,2000, ,28,44,12,3,7,1,4
25 - 27 Aug 23, Savanta,2159, ,29,46,10,3,5,1,4
24 - 25 Aug 23, Deltapoll,1061, ,30,46,12,3,5,0,3
22 - 23 Aug 23, YouGov,2106, Times,24,44,9,3,9,1,8
22 - 23 Aug 23, Omnisis,1356, ,26,47,11,3,6,1,5
22 - 23 Aug 23, BMG,1562, The i,29,44,10,3,8,0,4
17 - 21 Aug 23, Deltapoll,1520, ,25,50,9,3,4,1,7
20 Aug 23, Redfield and Wilton,2000, ,27,42,13,3,7,1,6
16 - 18 Aug 23, Opinium,2000, Observer,26,41,11,3,9,1,7
17 - 18 Aug 23, YouGov,2122, Times,26,45,10,3,7,1,8
17 - 18 Aug 23, Omnisis,1315, ,28,44,10,3,7,1,5
14 - 16 Aug 23, More in Common,2052, ,29,44,11,4,6,0,6
13 Aug 23, Redfield and Wilton,2000, ,28,48,10,4,5,0,4
10 - 11 Aug 23, Omnisis,1345, ,24,48,10,3,6,1,6
9 - 11 Aug 23, Deltapoll,1504, Mail on Sunday,29,46,12,2,4,1,5
4 - 7 Aug 23, Deltapoll,1023, ,26,47,12,3,4,1,4
6 Aug 23, Redfield and Wilton,2000, ,27,45,10,3,8,0,6
31 Jul - 4 Aug 23, Find Out Now,11142, ,24,44,12,4,6,1,8
3 - 4 Aug 23, Omnisis,1420, ,25,47,11,3,7,0,5
2 - 4 Aug 23, Opinium,2063, Observer,26,40,10,3,10,0,7
2 - 3 Aug 23, YouGov,2313, Times,25,47,10,3,7,1,6
2 - 3 Aug 23, Techne*,1631, ,26,46,10,3,7,0,5
28 - 31 Jul 23, Deltapoll,1556, ,25,48,11,3,6,1,5
30 Jul 23, Redfield and Wilton,2000, ,28,43,11,4,7,1,5
28 Jul 23, Omnisis,1339, ,25,48,10,3,6,0,6
26 - 27 Jul 23, Techne*,1624, ,25,45,10,3,8,0,6
25 - 26 Jul 23, YouGov,2000, Times,25,45,10,3,7,0,7
25 - 26 Jul 23, BMG,1524, The i,27,44,14,3,7,1,4
21 - 24 Jul 23, Deltapoll,1482, ,26,49,9,3,4,2,5
23 Jul 23, Redfield and Wilton,2000, ,28,45,14,2,6,0,4
19 - 23 Jul 23, Ipsos*,1065, ,28,45,12,3,3,1,6
21 - 23 Jul 23, Savanta,2240, ,28,47,10,3,4,0,3
19 - 21 Jul 23, Opinium,2080, Observer,25,42,11,3,10,1,6
20 - 21 Jul 23, Omnisis,1380, ,25,47,10,3,7,0,5
19 - 20 Jul 23, YouGov,2069, Times,25,44,10,3,8,1,7
19 - 20 Jul 23, Techne*,1632, ,26,45,11,3,7,0,5
18 Jul 23, More in Common,2052, ,29,44,12,4,5,0,5
14 - 17 Jul 23, Deltapoll,1000, ,24,48,11,3,6,1,5
16 Jul 23, Redfield and Wilton,2000, ,27,44,13,3,8,0,4
14 - 16 Jul 23, Savanta,2265, ,28,46,11,3,5,0,3
13 - 14 Jul 23, Omnisis,1361, ,25,47,10,3,6,1,5
12 - 13 Jul 23, Techne*,1628, ,26,46,11,3,6,0,5
10 - 11 Jul 23, YouGov,2015, Times,25,43,11,4,8,1,7
7 - 10 Jul 23, Deltapoll,1617, ,28,46,9,4,4,1,7
9 Jul 23, Redfield and Wilton,2000, ,27,48,11,3,5,1,4
7 - 9 Jul 23, Survation,1050, ,28,46,12,3,4,0,3
7 - 9 Jul 23, Savanta,2242, ,30,45,10,3,5,0,3
6 - 7 Jul 23, Omnisis,1312, ,25,51,8,3,5,0,5
5 - 7 Jul 23, Opinium,2073, Observer,28,43,9,3,8,1,6
5 - 6 Jul 23, YouGov,2062, Times,22,47,9,3,9,1,7
5 - 6 Jul 23, Techne*,1632, ,26,47,10,3,6,0,5
29 Jun - 3 Jul 23, Deltapoll,1507, ,25,48,10,4,5,0,5
2 Jul 23, Redfield and Wilton,2000, ,28,46,11,3,5,1,5
30 Jun - 2 Jul 23, Savanta,2216, ,28,46,11,3,4,0,4
30 Jun - 2 Jul 23, Survation,1013, ,30,45,11,3,3,0,3
28 - 30 Jun 23, Opinium,2082, Observer,25,44,10,3,7,0,7
29 - 30 Jun 23, Omnisis,1351, ,26,48,8,4,7,0,5
28 - 29 Jun 23, Techne*,1631, ,27,46,11,3,6,0,5
27 - 29 Jun 23, BMG,1500, The i,29,43,11,3,6,0,7
27 - 28 Jun 23, YouGov,2047, Times,24,46,10,3,8,1,7
23 - 26 Jun 23, Deltapoll,1089, ,24,47,12,4,7,0,4
23 - 26 Jun 23, Survation,2054, ,28,45,11,3,4,0,3
25 Jun 23, Redfield and Wilton,2000, ,26,44,13,3,6,1,5
23 - 25 Jun 23, Savanta,2322, ,31,43,10,4,5,1,3
21 - 23 Jun 23, Opinium,2063, Observer,26,44,8,2,10,1,7
22 - 23 Jun 23, Omnisis,1336, ,27,47,9,3,6,0,6
21 - 22 Jun 23, Techne*,1629, ,29,45,10,3,5,0,5
20 - 21 Jun 23, YouGov,2294, Times,22,47,11,3,7,1,8
14 - 20 Jun 23, Ipsos*,1033, ,25,47,13,3,3,1,8
16 - 19 Jun 23, Deltapoll,1554, ,27,46,10,4,5,0,6
15 - 19 Jun 23, Survation,1007, ,29,47,11,3,3,0,3
18 Jun 23, Redfield and Wilton,2000, ,26,46,12,3,7,0,6
16 - 18 Jun 23, Savanta,2196, ,28,46,11,3,4,1,3
15 - 16 Jun 23, YouGov,2072, Times,24,43,11,4,7,1,8
15 - 16 Jun 23, Omnisis,1306, ,26,48,10,3,5,1,6
14 - 15 Jun 23, Techne*,1625, ,28,44,11,3,6,0,5
9 - 12 Jun 23, Deltapoll,1084, ,31,42,12,4,4,0,4
9 - 11 Jun 23, Savanta,2030, ,28,45,9,4,6,1,4
11 Jun 23, Redfield and Wilton,2000, ,30,44,13,3,6,0,4
8 - 9 Jun 23, Omnisis,1296, ,27,47,10,3,6,1,5
7 - 9 Jun 23, Opinium,2107, Observer,29,41,11,3,6,1,7
7 - 8 Jun 23, Techne*,1632, ,29,42,12,3,5,0,6
6 - 7 Jun 23, YouGov,2071, Times,26,42,11,4,7,1,8
2 - 5 Jun 23, Deltapoll,1525, ,29,43,13,3,5,1,5
4 Jun 23, Redfield and Wilton,2000, ,30,44,12,3,5,0,5
2 - 4 Jun 23, Savanta,2109, ,30,44,11,3,5,0,3
1 - 2 Jun 23, Omnisis,1351, ,25,46,10,3,6,1,7
31 May - 1 Jun 23, Techne*,1630, ,29,43,12,3,4,0,6
30 - 31 May 23, YouGov,2000, Times,25,44,11,3,8,1,6
30 - 31 May 23, BMG,1529, The i,27,44,10,4,7,0,7
28 May 23, Redfield and Wilton,2000, ,28,43,12,3,5,0,7
26 - 28 May 23, Savanta,2223, ,31,44,9,3,5,1,3
25 - 26 May 23, YouGov,2072, Times,25,43,11,4,7,1,7
23 - 26 May 23, Opinium,2062, Observer,28,43,9,3,6,1,7
24 - 25 May 23, Techne*,1625, ,30,44,11,3,4,0,5
18 - 22 May 23, Kantar Public,1143, ,29,42,11,4,5,1,5
19 - 22 May 23, Deltapoll,1575, ,30,47,9,4,4,0,4
21 May 23, Redfield and Wilton,2000, ,30,42,13,4,5,0,4
19 - 21 May 23, Savanta,2043, ,30,46,9,3,5,1,3
18 - 19 May 23, Omnisis,1361, ,28,47,10,3,5,0,5
17 - 18 May 23, Omnisis,1389, ,25,47,10,3,6,0,5
17 - 18 May 23, YouGov,2006, Times,25,43,12,3,6,1,8
17 - 18 May 23, Techne*,1633, ,29,45,10,3,5,0,4
10 - 16 May 23, Ipsos*,1006, ,28,44,13,4,2,0,6
12 - 15 May 23, Deltapoll,1511, ,29,45,12,3,5,0,4
14 May 23, Redfield and Wilton,2000, ,28,42,11,4,8,0,5
12 - 14 May 23, Savanta,2214, ,29,46,9,3,5,0,3
11 - 12 May 23, Omnisis,1355, ,24,51,10,3,6,1,4
10 - 12 May 23, Opinium,2050, Observer,29,43,11,3,6,0,5
10 - 11 May 23, Techne*,1625, ,28,45,11,3,5,0,5
9 - 10 May 23, YouGov,2001, Times,25,43,11,3,7,1,8
5 - 9 May 23, Deltapoll,1576, ,28,47,9,3,5,1,5
7 May 23, Redfield and Wilton,2000, ,29,41,16,3,5,0,4
5 - 7 May 23, Savanta,2168, ,30,46,9,4,5,0,3
4 - 5 May 23, Omnisis,1355, ,27,48,7,4,6,0,6
3 - 4 May 23, YouGov,2012, Times,26,43,10,4,6,1,7
3 - 4 May 23, BMG,1534, The i,29,43,11,3,5,1,6
2 - 3 May 23, Techne*,1632, ,29,44,11,3,6,0,5
28 Apr - 2 May 23, Deltapoll,1561, ,29,44,11,4,4,1,4
30 Apr 23, Redfield and Wilton,2000, ,28,45,12,2,7,0,4
28 - 30 Apr 23, Savanta,2241, ,31,44,9,4,5,0,3
26 - 28 Apr 23, Opinium,2009, Observer,26,44,10,3,7,0,7
24 - 28 Apr 23, Survation,2014, Good Morning Britain,28,45,12,3,3,1,4
26 - 27 Apr 23, YouGov,2111, Times,27,41,11,4,7,1,7
26 - 27 Apr 23, Omnisis,1352, ,28,45,10,4,6,0,6
26 - 27 Apr 23, Techne*,1627, ,30,44,9,3,6,0,5
24 - 26 Apr 23, Deltapoll,1576, ,30,43,9,4,5,1,5
23 Apr 23, Redfield and Wilton,2000, ,29,44,11,3,6,0,5
21 - 23 Apr 23, Savanta,2156, ,31,42,9,3,7,1,3
19 - 20 Apr 23, Omnisis,1318, ,27,47,7,4,7,1,6
19 - 20 Apr 23, Techne*,1632, ,31,44,10,3,5,0,5
18 - 19 Apr 23, YouGov,2005, Times,28,43,10,2,6,1,5
13 - 17 Apr 23, Deltapoll,1567, ,29,43,10,4,4,2,5
14 - 16 Apr 23, Savanta,2237, ,31,45,8,3,5,1,3
16 Apr 23, Redfield and Wilton,2000, ,32,44,10,4,4,0,4
12 - 14 Apr 23, Opinium,2076, Observer,28,42,10,3,8,1,6
12 - 13 Apr 23, Omnisis,1340, ,25,48,9,4,7,1,5
12 - 13 Apr 23, YouGov,2010, Times,27,45,10,3,6,1,5
12 - 13 Apr 23, Techne*,1630, ,30,45,10,3,6,0,4
9 Apr 23, Redfield and Wilton,2000, ,30,44,10,3,6,1,5
5 - 6 Apr 23, Omnisis,1328, ,26,46,10,3,7,1,5
5 - 6 Apr 23, YouGov,2042, Times,27,44,9,4,6,1,7
5 - 6 Apr 23, Opinium,2081, Observer,30,41,10,3,7,1,5
5 - 6 Apr 23, Techne*,1629, ,30,45,9,3,5,0,5
31 Mar - 3 Apr 23, Deltapoll,1587, ,27,48,9,4,5,1,4
2 Apr 23, Redfield and Wilton,2000, ,28,45,12,4,5,1,4
31 Mar - 2 Apr 23, Savanta,2149, ,29,45,10,3,5,0,3
29 Mar - 2 Apr 23, Survation,1009, ,29,46,8,4,5,1,3
29 - 31 Mar 23, Opinium,2050, Observer,29,44,9,3,7,1,5
29 - 30 Mar 23, YouGov,2002, Times,26,46,9,3,7,1,7
29 - 30 Mar 23, Techne*,1633, ,30,46,9,3,5,0,4
29 Mar 23, PeoplePolling,1209, GB News,24,42,9,5,8,1,7
22 - 29 Mar 23, Ipsos*,1004, ,26,49,11,5,2,0,6
28 - 29 Mar 23, Omnisis,1344, ,27,50,9,3,6,1,4
24 - 27 Mar 23, Deltapoll,1569, ,30,45,10,4,4,1,4
26 Mar 23, Redfield and Wilton,2000, ,27,46,10,3,8,1,4
24 - 26 Mar 23, Savanta,2097, ,29,45,9,4,4,1,3
23 - 24 Mar 23, Survation,1023, ,31,45,8,4,4,1,3
22 - 23 Mar 23, Omnisis,1382, ,29,44,10,3,6,0,5
22 - 23 Mar 23, Techne*,1630, ,31,46,8,4,5,0,4
22 Mar 23, PeoplePolling,1175, GB News,22,43,10,4,9,2,8
21 - 22 Mar 23, YouGov,2026, Times,23,49,10,3,6,1,6
17 - 20 Mar 23, Survation,1003, ,31,46,8,4,4,1,2
17 - 20 Mar 23, Deltapoll,1054, ,35,45,7,4,3,0,4
19 Mar 23, Redfield and Wilton,2000, ,26,47,11,4,5,0,6
17 - 19 Mar 23, Savanta,2175, ,31,45,9,3,4,1,3
16 - 17 Mar 23, PeoplePolling,1289, GB News,20,45,9,5,6,1,13
15 - 17 Mar 23, Opinium,2000, Observer,29,44,8,3,7,1,6
15 - 16 Mar 23, Omnisis,1126, ,25,46,6,3,9,0,7
15 - 16 Mar 23, YouGov,2155, Times,27,46,9,4,6,1,6
15 - 16 Mar 23, BMG,1546, The i,29,46,8,4,6,1,4
15 - 16 Mar 23, Techne*,1625, ,30,47,8,3,5,0,4
13 - 15 Mar 23, Survation,1011, ,32,48,8,3,3,0,2
10 - 13 Mar 23, Deltapoll,1561, ,27,50,9,3,4,1,4
12 Mar 23, Redfield and Wilton,2000, ,27,48,11,3,6,0,5
10 - 12 Mar 23, Savanta,2093, ,30,45,9,3,5,1,3
8 - 10 Mar 23, Opinium,2000, Observer,29,44,8,3,8,1,5
8 - 9 Mar 23, Omnisis,1323, ,26,50,7,4,6,0,5
8 - 9 Mar 23, Techne*,1632, ,29,46,9,3,6,0,5
8 Mar 23, PeoplePolling,1231, GB News,23,42,8,4,7,1,10
7 - 8 Mar 23, YouGov,2049, Times,23,45,10,4,7,1,7
2 - 6 Mar 23, Deltapoll,1063, ,31,47,8,4,4,0,5
5 Mar 23, Redfield and Wilton,2000, ,24,50,9,3,7,0,5
3 - 5 Mar 23, Savanta,2138, ,32,43,9,4,5,1,3
1 - 3 Mar 23, Find Out Now,1487, Sunday Telegraph,25,48,9,4,5,1,6
1 - 3 Mar 23, Opinium,3000, Headlands Consultancy,30,42,9,3,8,1,6
1 - 3 Mar 23, Opinium,2000, Observer,27,44,7,3,8,0,7
2 - 3 Mar 23, Survation,1074, ,29,45,10,3,4,1,3
1 - 2 Mar 23, Omnisis,1284, ,26,45,11,4,6,0,6
1 - 2 Mar 23, Techne*,1625, ,29,47,8,3,6,0,5
1 Mar 23, PeoplePolling,1158, GB News,24,45,9,5,7,1,8
22 Feb - 1 Mar 23, Ipsos*,1004, ,25,51,9,5,3,1,5
28 Feb - 1 Mar 23, YouGov,2073, Times,25,47,10,4,6,1,5
24 - 27 Feb 23, Deltapoll,1060, ,31,46,8,3,5,1,4
26 Feb 23, Redfield and Wilton,2000, ,24,51,9,3,7,0,5
24 - 26 Feb 23, Savanta,2224, ,29,44,9,4,6,1,3
22 - 23 Feb 23, Omnisis,1248, ,24,48,10,4,8,0,5
22 - 23 Feb 23, Techne*,1633, ,27,49,8,3,5,0,5
21 - 23 Feb 23, BMG,1500, The i,29,46,9,4,6,1,4
22 Feb 23, PeoplePolling,1192, GB News,20,46,7,5,9,2,8
21 - 22 Feb 23, YouGov,2003, Times,23,46,9,4,8,1,7
17 - 20 Feb 23, Deltapoll,1079, ,28,50,9,4,2,1,3
16 - 20 Feb 23, Kantar Public,1120, ,28,45,9,5,5,0,7
17 - 19 Feb 23, Savanta,2103, ,31,45,9,3,4,1,3
18 Feb 23, Redfield and Wilton,2000, ,24,51,10,3,6,0,5
15 - 17 Feb 23, Opinium,2000, Observer,28,44,9,4,7,0,6
15 - 16 Feb 23, Omnisis,1259, ,25,48,10,3,7,0,5
15 - 16 Feb 23, Techne*,1631, ,27,48,8,3,6,0,5
10 - 16 Feb 23, Survation,6094, 38 Degrees,29,48,8,3,4,1,3
15 Feb 23, PeoplePolling,1128, GB News,21,48,8,5,7,1,8
14 - 15 Feb 23, YouGov,2062, Times,22,50,9,4,7,1,6
10 - 13 Feb 23, Deltapoll,1004, ,28,48,8,5,3,0,6
12 Feb 23, Redfield and Wilton,2000, ,27,48,9,4,6,0,5
10 - 12 Feb 23, Focaldata,1039, ,28,48,9,4,6,1,5
10 - 12 Feb 23, Savanta,2175, ,28,45,10,3,5,0,4
9 - 10 Feb 23, Omnisis,1281, ,26,47,10,4,8,0,4
8 - 9 Feb 23, PeoplePolling,1229, GB News,21,50,7,4,7,1,6
8 - 9 Feb 23, YouGov,2061, Times,24,47,10,4,6,1,6
8 - 9 Feb 23, Techne*,1627, ,26,47,9,4,6,0,5
1 - 6 Feb 23, Survation,1923, ,26,42,11,4,6,1,5
3 - 6 Feb 23, Deltapoll,1831, ,29,47,9,4,5,1,4
27 Jan - 5 Feb 23, Find Out Now,28191, ,23,48,11,0,5,0,5
5 Feb 23, Redfield and Wilton,2000, ,24,50,10,3,6,1,5
3 - 5 Feb 23, Savanta,2247, ,27,46,9,3,5,0,4
2 - 3 Feb 23, Omnisis,1324, ,24,48,9,4,6,0,5
1 - 2 Feb 23, Techne*,1634, ,27,48,8,4,7,0,4
1 Feb 23, PeoplePolling,1139, GB News,22,46,9,5,7,2,7
31 Jan - 1 Feb 23, YouGov,2006, Times,24,48,9,4,6,1,6
26 - 30 Jan 23, Deltapoll,1057, ,29,46,9,4,4,1,4
27 - 29 Jan 23, Savanta,2041, ,26,47,9,3,6,0,4
29 Jan 23, Redfield and Wilton,2000, ,28,49,8,4,5,0,5
26 - 27 Jan 23, Omnisis,1311, ,26,50,7,3,7,0,6
25 - 26 Jan 23, Techne*,1631, ,26,47,8,4,7,0,5
24 - 26 Jan 23, BMG,1502, The i,29,46,9,4,6,1,3
18 - 25 Jan 23, Ipsos*,1001, ,26,51,9,5,2,1,5
24 - 25 Jan 23, YouGov,2058, Times,26,45,10,4,6,1,7
24 Jan 23, PeoplePolling,1270, GB News,21,50,8,6,7,1,5
22 Jan 23, Redfield and Wilton,2000, ,26,48,9,5,6,0,4
20 - 22 Jan 23, Savanta,2201, ,29,46,9,3,5,1,3
19 - 21 Jan 23, Deltapoll,1563, ,30,44,9,4,4,1,5
19 - 20 Jan 23, Omnisis,1268, ,24,50,8,4,5,0,5
18 - 19 Jan 23, YouGov,2004, Times,26,48,8,4,7,1,5
18 - 19 Jan 23, Techne*,1625, ,27,46,9,4,6,0,5
18 Jan 23, PeoplePolling,1168, GB News,21,45,9,5,8,1,9
17 - 18 Jan 23, Focaldata,1028, Sam Freedman,24,49,9,3,7,0,4
12 - 16 Jan 23, Deltapoll,1059, ,29,45,10,5,4,0,5
15 Jan 23, Redfield and Wilton,2000, ,27,47,10,4,6,0,5
13 - 15 Jan 23, Savanta,2038, ,29,45,9,3,5,0,3
11 - 13 Jan 23, Opinium,2000, Observer,29,45,9,3,6,1,5
11 - 12 Jan 23, Techne*,1636, ,26,47,8,4,7,0,5
11 - 12 Jan 23, Omnisis,1247, ,28,48,7,4,3,0,7
11 Jan 23, PeoplePolling,1160, GB News,21,48,8,5,7,1,7
10 - 11 Jan 23, YouGov,1691, Times,25,47,9,5,7,1,5
8 Jan 23, Redfield and Wilton,2000, ,26,48,9,4,6,1,5
5 - 7 Jan 23, Deltapoll,1593, ,31,45,9,3,3,0,5
5 - 6 Jan 23, Omnisis,1285, ,27,49,10,4,4,0,4
4 - 5 Jan 23, Techne*,1625, ,25,46,9,4,8,0,5
4 - 5 Jan 23, YouGov,1709, Times,25,46,9,5,7,1,6
4 Jan 23, PeoplePolling,1269, GB News,22,46,7,5,8,1,7
2 - 3 Jan 23, Redfield and Wilton,2000, ,27,47,12,4,5,0,3
28 Dec 22, PeoplePolling,1169, GB News,19,45,8,6,8,1,9
22 - 23 Dec 22, Omnisis,1243, ,25,51,7,4,6,0,5
21 - 22 Dec 22, Techne*,1633, ,28,45,8,4,7,0,5
21 Dec 22, PeoplePolling,1148, GB News,22,46,8,5,8,1,6
20 - 21 Dec 22, YouGov,1672, Times,24,48,9,4,8,1,5
16 - 18 Dec 22, Savanta,2024, ,28,45,9,5,5,1,3
15 - 16 Dec 22, Omnisis,1216, ,26,47,9,5,6,0,6
14 - 16 Dec 22, Opinium,2000, Observer,29,44,9,3,8,1,5
14 - 15 Dec 22, YouGov,1690, Times,23,48,8,5,9,1,5
14 - 15 Dec 22, Techne*,1631, ,28,46,9,3,6,0,5
14 Dec 22, PeoplePolling,1151, GB News,24,45,7,5,7,1,6
7 - 13 Dec 22, Ipsos*,1007, ,23,49,13,5,2,1,3
8 - 12 Dec 22, Kantar Public,1097, ,29,46,9,5,4,0,5
9 - 12 Dec 22, Deltapoll,1088, ,32,45,8,3,4,0,6
11 Dec 22, Redfield and Wilton,2000, ,29,46,9,3,7,1,5
9 - 11 Dec 22, Savanta,2194, ,29,45,8,3,6,1,3
8 - 9 Dec 22, Omnisis,1294, ,30,48,9,2,4,0,6
7 - 8 Dec 22, Techne*,1625, ,27,48,9,4,5,0,4
7 Dec 22, PeoplePolling,1231, GB News,20,47,8,5,9,1,6
6 - 7 Dec 22, YouGov,1696, Times,24,48,9,4,8,1,6
1 - 5 Dec 22, Deltapoll,1632, ,28,48,10,4,4,1,4
4 Dec 22, Redfield and Wilton,2000, ,26,48,10,3,5,0,6
2 - 4 Dec 22, Savanta,2211, ,31,42,10,4,5,1,3
1 - 2 Dec 22, Omnisis,1189, ,25,48,9,4,5,0,6
30 Nov - 2 Dec 22, Opinium,2000, Observer,29,43,8,4,6,1,6
30 Nov - 1 Dec 22, Techne*,1632, ,26,49,10,4,5,0,4
29 Nov - 1 Dec 22, BMG,1571, The i,28,46,10,4,6,0,5
30 Nov 22, PeoplePolling,1208, GB News,21,46,7,5,7,1,9
29 - 30 Nov 22, YouGov,1637, Times,22,47,9,4,9,1,5
24 - 28 Nov 22, Deltapoll,1062, ,30,48,10,3,4,0,3
25 - 27 Nov 22, Savanta,2106, ,26,47,10,4,5,1,2
27 Nov 22, Redfield and Wilton,2000, ,27,47,11,3,5,0,5
23 - 24 Nov 22, Omnisis,1172, ,25,49,9,3,6,1,5
23 - 24 Nov 22, Techne*,1625, ,27,50,9,4,0,0,4
23 Nov 22, PeoplePolling,1145, GB News,24,44,8,5,5,1,8
22 - 23 Nov 22, YouGov,1672, Times,25,48,9,4,5,1,5
17 - 21 Nov 22, Kantar Public,1111, ,30,45,8,5,5,0,4
20 Nov 22, Redfield and Wilton,2000, ,28,49,9,4,5,1,4
18 - 20 Nov 22, Savanta,2106, Independent,28,46,10,3,3,2,3
17 - 19 Nov 22, Deltapoll,1604, Mail on Sunday,25,51,9,3,4,0,4
18 Nov 22, PeoplePolling,1331, GB News,21,47,10,5,6,1,7
17 - 18 Nov 22, Omnisis,1159, ,21,48,10,5,5,1,7
17 - 18 Nov 22, Opinium,2000, Observer,28,45,9,3,6,0,4
16 - 17 Nov 22, Redfield and Wilton,1500, ,27,48,10,5,5,0,4
17 Nov 22, Techne*,1633, ,28,50,8,4,0,0,4
15 - 16 Nov 22, YouGov,1682, Times,26,47,9,5,6,1,5
9 - 16 Nov 22, Ipsos*,1004, ,29,50,7,5,2,1,3
10 - 14 Nov 22, Deltapoll,1060, ,27,50,6,5,3,1,6
13 Nov 22, Redfield and Wilton,2000, ,26,50,9,3,4,0,5
10 - 11 Nov 22, Omnisis,1181, ,26,49,7,3,9,0,5
9 - 10 Nov 22, YouGov,1708, Times,25,48,10,5,5,1,5
9 - 10 Nov 22, Redfield and Wilton,1500, ,28,49,11,3,4,0,4
9 - 10 Nov 22, Techne*,1628, ,30,49,8,4,0,0,4
9 Nov 22, PeoplePolling,1198, GB News,21,42,9,5,8,2,9
4 - 7 Nov 22, Deltapoll,1049, ,29,47,9,4,3,1,5
6 Nov 22, Redfield and Wilton,2000, ,27,48,10,4,5,1,4
3 - 4 Nov 22, Omnisis,1352, ,27,51,7,4,6,1,3
2 - 4 Nov 22, Opinium,2000, Observer,28,46,8,4,0,1,6
1 - 3 Nov 22, Survation,1017, ,27,50,7,4,3,1,3
2 - 3 Nov 22, Techne*,1626, ,29,49,9,4,0,0,4
2 - 3 Nov 22, Redfield and Wilton,1500, ,30,47,12,3,4,0,3
1 - 2 Nov 22, YouGov,1702, Times,24,50,9,4,6,1,5
1 Nov 22, PeoplePolling,1212, GB News,21,47,10,5,5,1,7
28 - 31 Oct 22, Deltapoll,1606, ,26,51,9,4,3,1,4
30 Oct 22, Redfield and Wilton,2000, ,27,50,9,4,3,0,5
26 - 28 Oct 22, Opinium,2000, Observer,28,44,10,4,0,1,5
27 Oct 22, Omnisis,1383, ,25,53,7,4,6,0,4
26 - 27 Oct 22, Techne*,1626, ,26,50,10,4,0,0,5
26 - 27 Oct 22, Survation,2028, ,27,51,8,5,3,1,2
26 Oct 22, PeoplePolling,1185, GB News,20,51,9,5,7,1,5
25 - 26 Oct 22, Redfield and Wilton,2500, ,23,55,9,4,4,0,5
25 - 26 Oct 22, YouGov,1646, Times,23,51,9,5,6,1,4
24 - 26 Oct 22, BMG,1568, The i,26,49,10,4,5,1,5
23 Oct 22, Redfield and Wilton,2000, ,21,54,11,3,4,1,4
22 - 23 Oct 22, Deltapoll,2012, Sky News,25,51,10,4,3,1,5
21 - 23 Oct 22, Savanta,1996, Independent,25,51,8,4,6,1,2
21 - 22 Oct 22, Omnisis,1353, ,22,56,10,4,3,1,4
20 - 21 Oct 22, YouGov,1700, Times,19,56,10,4,5,1,4
19 - 21 Oct 22, Opinium,2000, Observer,23,50,9,3,0,1,6
21 Oct 22, JL Partners,1034, ,25,51,8,4,3,1,5
20 Oct 22, PeoplePolling,1237, GB News,14,53,11,5,5,0,6
19 - 20 Oct 22, Techne*,1632, ,22,53,11,4,0,0,5
20 Oct 22, Omnisis,1382, ,22,57,7,4,3,0,4
19 Oct 22, Redfield and Wilton,1500, ,19,55,12,4,4,0,4
18 - 19 Oct 22, Survation,1617, ,23,52,11,4,2,1,3
13 - 17 Oct 22, Deltapoll,1050, ,23,55,7,4,3,1,4
16 Oct 22, Redfield and Wilton,2000, ,20,56,11,4,2,0,5
14 - 16 Oct 22, Savanta,2195, ,22,52,11,4,3,1,2
13 - 14 Oct 22, Omnisis,1403, ,28,49,10,3,2,1,5
13 Oct 22, Redfield and Wilton,1500, ,24,53,13,4,2,1,3
12 - 13 Oct 22, Techne*,1626, ,25,49,11,4,0,0,6
12 Oct 22, PeoplePolling,1158, GB News,19,53,8,6,4,2,6
11 - 12 Oct 22, YouGov,1675, Times,23,51,9,5,3,1,7
5 - 12 Oct 22, Ipsos*,1001, ,26,47,10,4,2,0,8
7 - 9 Oct 22, Savanta,2036, ,23,51,10,4,3,0,4
9 Oct 22, Redfield and Wilton,2000, ,25,54,10,3,3,0,4
6 - 7 Oct 22, YouGov,1737, Times,22,52,9,5,5,1,6
6 - 7 Oct 22, Omnisis,1328, ,24,51,10,3,4,1,5
6 - 7 Oct 22, Deltapoll,1034, ,26,51,9,4,2,0,4
5 - 7 Oct 22, Opinium,2023, Observer,26,47,11,3,0,1,6
6 Oct 22, PeoplePolling,1512, GB News,20,52,8,5,4,1,7
5 - 6 Oct 22, Techne*,1636, ,26,48,10,4,0,0,6
5 Oct 22, Redfield and Wilton,1500, ,24,52,10,4,3,0,5
2 Oct 22, Redfield and Wilton,2000, ,24,52,10,5,3,0,5
30 Sept - 2 Oct 22, Savanta,2113, ,25,50,11,3,3,1,3
29 - 30 Sept 22, Omnisis,1320, ,23,55,7,5,3,0,5
28 - 30 Sept 22, Opinium,2000, Observer,27,46,9,4,0,1,6
28 - 29 Sept 22, PeoplePolling,2216, GB News,20,50,9,5,3,0,8
28 - 29 Sept 22, YouGov,1712, Times,21,54,7,5,4,1,6
28 - 29 Sept 22, Techne*,1625, ,27,47,11,4,0,0,6
29 Sept 22, Survation,1329, ,28,49,11,5,2,1,1
28 - 29 Sept 22, Redfield and Wilton,2500, ,29,46,13,3,4,0,4
27 - 29 Sept 22, Deltapoll,1613, Mirror,29,48,9,4,2,1,4
27 - 29 Sept 22, BMG,1516, The i,30,47,9,4,3,1,5
23 - 27 Sept 22, Find Out Now,10435, ,27,45,10,5,3,1,7
23 - 26 Sept 22, Omnisis,1307, ,32,44,10,4,4,1,5
22 - 26 Sept 22, Kantar Public,1141, ,35,39,10,5,3,1,4
23 - 25 Sept 22, YouGov,1730, Times,28,45,9,4,3,1,7
23 - 25 Sept 22, Savanta,2220, ,29,43,12,5,3,1,4
25 Sept 22, Redfield and Wilton,2000, ,31,44,11,4,2,0,6
22 - 25 Sept 22, Deltapoll,2129, ,31,44,12,4,2,1,4
21 - 23 Sept 22, Opinium,2000, Observer,34,39,10,4,0,1,7
21 - 22 Sept 22, YouGov,1713, Times,32,40,9,5,3,1,8
21 - 22 Sept 22, Techne*,1639, ,34,41,11,4,0,0,5
21 Sept 22, PeoplePolling,1298, GB News,28,40,10,6,4,1,8
21 Sept 22, Redfield and Wilton,2000, ,32,42,12,4,4,1,5
16 - 20 Sept 22, Deltapoll,2084, ,32,42,10,4,2,1,6
18 Sept 22, Redfield and Wilton,2000, ,34,42,10,4,3,0,5
15 - 16 Sept 22, Savanta,6226, LabourList,33,45,10,0,3,0,4
7 - 15 Sept 22, Ipsos*,1000, ,30,40,13,4,1,1,8
14 - 15 Sept 22, Techne*,1647, ,35,41,10,4,0,0,5
13 Sept 22, PeoplePolling,1245, GB News,28,40,10,4,5,2,6
9 - 12 Sept 22, Deltapoll,2096, ,32,44,9,4,2,1,4
11 - 12 Sept 22, YouGov,1727, Times,32,42,10,4,2,1,7
7 - 9 Sept 22, Savanta,2098, Daily Mail,35,42,10,4,3,1,3
7 - 8 Sept 22, Techne*,1638, ,34,42,11,4,0,0,4
7 Sept 22, PeoplePolling,1162, GB News,28,40,9,5,4,1,7
6 - 7 Sept 22, YouGov,1688, Times,29,44,10,5,3,1,7
7 Sept 22, Redfield and Wilton,1500, ,30,42,14,5,2,1,6
4 Sept 22, Redfield and Wilton,2000, ,31,43,12,5,3,0,6
31 Aug - 2 Sept 22, Deltapoll,1573, ,31,42,10,5,3,1,6
31 Aug - 2 Sept 22, Opinium,2001, Observer,34,38,12,4,0,1,6
31 Aug - 1 Sept 22, YouGov,1711, Times,28,43,11,5,3,1,6
31 Aug - 1 Sept 22, Techne*,1628, ,32,42,12,4,0,0,5
31 Aug 22, Redfield and Wilton,1500, ,31,42,12,4,3,1,7
31 Aug 22, Survation,1013, Mail on Sunday,33,43,11,4,1,0,3
30 Aug 22, PeoplePolling,1203, GB News,25,42,10,5,4,2,7
29 - 30 Aug 22, Deltapoll,1600, ,31,44,12,4,2,1,4
28 Aug 22, Redfield and Wilton,2000, ,33,42,13,3,4,1,4
24 - 25 Aug 22, Redfield and Wilton,1500, ,33,42,12,4,2,1,5
24 - 25 Aug 22, Techne*,1630, ,33,41,11,4,0,0,6
23 - 24 Aug 22, YouGov,2007, Times,31,39,11,5,5,1,7
22 Aug 22, PeoplePolling,1235, GB News,26,40,11,6,5,1,6
19 - 22 Aug 22, Deltapoll,1591, ,31,43,11,5,2,1,6
18 - 22 Aug 22, Kantar Public,1106, ,33,40,14,4,2,1,6
21 Aug 22, Redfield and Wilton,2000, ,31,43,13,5,3,1,5
17 - 18 Aug 22, Opinium,2001, Observer,31,39,10,3,0,1,7
16 - 18 Aug 22, BMG,2091, The i,32,42,11,4,3,0,2
16 - 17 Aug 22, YouGov,1696, Times,28,43,11,5,4,1,7
14 Aug 22, Redfield and Wilton,2000, ,34,41,12,4,3,1,5
10 - 12 Aug 22, Techne*,1641, ,35,39,12,4,0,0,5
9 - 10 Aug 22, YouGov,1809, Times,30,39,12,5,4,1,6
3 - 8 Aug 22, Opinium,2010, Observer,34,37,12,4,0,1,6
7 Aug 22, Redfield and Wilton,1500, ,32,40,13,4,4,1,4
4 - 5 Aug 22, YouGov,1968, Times,33,37,11,5,3,1,8
4 Aug 22, Redfield and Wilton,1500, ,32,40,13,4,4,1,4
3 - 4 Aug 22, Techne*,1630, ,34,39,13,4,0,0,5
28 Jul - 1 Aug 22, Kantar Public,1096, ,32,36,13,6,4,0,8
31 Jul 22, Redfield and Wilton,2000, ,34,38,11,4,4,0,7
27 - 28 Jul 22, Techne*,1649, ,33,40,12,4,0,0,6
27 - 28 Jul 22, YouGov,1797, Times,34,35,13,5,3,1,7
21 - 27 Jul 22, Ipsos*,1052, ,30,44,10,5,1,0,8
27 Jul 22, Redfield and Wilton,1500, ,33,41,11,4,4,1,5
22 - 24 Jul 22, Savanta,2272, Independent,29,42,12,3,4,1,4
24 Jul 22, Redfield and Wilton,2000, ,34,40,12,4,3,0,5
21 - 23 Jul 22, Deltapoll,1588, Mail on Sunday,31,42,10,4,3,1,6
21 - 22 Jul 22, YouGov,1692, Times,32,39,12,4,4,1,8
21 - 22 Jul 22, Opinium,2001, Observer,34,37,13,3,0,1,6
21 Jul 22, Techne*,1629, ,32,41,12,4,0,0,6
21 Jul 22, Savanta,2109, Daily Express,33,44,9,3,3,0,3
20 - 21 Jul 22, Redfield and Wilton,2000, ,35,44,9,3,3,0,5
14 - 18 Jul 22, Kantar Public,1077, ,33,37,13,4,4,1,7
15 - 17 Jul 22, Savanta,1980, ,30,43,11,4,3,1,4
17 Jul 22, Redfield and Wilton,2000, ,32,42,12,4,3,0,5
13 - 14 Jul 22, YouGov,1733, Times,29,40,13,4,4,1,7
12 - 14 Jul 22, JL Partners,4434, Sunday Telegraph,31,42,12,4,3,1,6
14 Jul 22, Techne*,1645, ,31,40,13,4,0,0,6
11 - 12 Jul 22, Omnisis,1002, Byline Times,25,46,8,5,5,1,8
8 - 10 Jul 22, Savanta,2168, ,28,43,12,4,3,1,4
10 Jul 22, Redfield and Wilton,2000, ,31,42,12,4,5,0,5
6 - 8 Jul 22, Opinium,2000, Observer,33,38,12,3,0,1,6
7 Jul 22, Techne*,1644, ,29,41,14,4,0,0,6
6 - 7 Jul 22, YouGov,1687, Times,29,40,15,5,3,1,6
7 Jul 22, Redfield and Wilton,1500, ,31,43,12,3,2,0,7
1 - 3 Jul 22, Savanta,2106, ,32,41,11,4,4,1,3
3 Jul 22, Redfield and Wilton,2000, ,35,41,11,3,5,0,5
29 Jun - 1 Jul 22, Omnisis,1015, Byline Times,27,47,9,4,4,1,6
28 Jun - 1 Jul 22, BMG,1521, The i,32,42,11,4,4,1,4
29 - 30 Jun 22, Redfield and Wilton,1500, ,32,40,13,5,3,0,5
29 - 30 Jun 22, Techne*,1632, ,33,39,13,4,0,0,5
22 - 29 Jun 22, Ipsos*,1059, ,30,41,15,5,1,1,6
28 - 29 Jun 22, YouGov,1664, Times,33,36,13,5,3,1,6
27 Jun 22, Survation,1071, ,35,43,11,3,1,0,2
26 Jun 22, Redfield and Wilton,2000, ,33,41,15,4,3,0,4
24 - 26 Jun 22, Savanta,2217, Independent,34,41,10,5,1,1,5
22 - 24 Jun 22, Opinium,2000, Observer,34,37,11,4,0,1,6
22 - 23 Jun 22, Techne*,1630, ,32,38,14,4,0,0,6
22 - 23 Jun 22, YouGov,1671, Times,34,39,9,4,4,1,8
22 Jun 22, Redfield and Wilton,1500, ,32,41,13,4,4,0,5
16 - 20 Jun 22, Kantar Public,1141, ,34,36,13,4,4,1,5
17 - 19 Jun 22, Savanta,2050, ,31,42,10,4,3,1,5
19 Jun 22, Redfield and Wilton,2000, ,33,40,13,4,5,0,5
15 - 16 Jun 22, Techne*,1627, ,33,39,13,4,0,0,5
15 - 16 Jun 22, YouGov,1727, Times,33,39,10,4,4,1,6
15 Jun 22, Redfield and Wilton,2000, ,34,42,12,3,3,0,4
12 Jun 22, Redfield and Wilton,2000, ,32,39,15,5,2,1,6
10 - 12 Jun 22, Savanta,2237, ,34,40,10,4,2,1,4
8 - 10 Jun 22, Opinium,2002, Observer,34,36,13,3,0,1,6
10 Jun 22, Survation,2053, ,34,41,10,4,2,1,3
8 - 9 Jun 22, Redfield and Wilton,2000, ,32,40,13,4,4,0,5
8 - 9 Jun 22, YouGov,1714, Times,32,39,11,5,3,1,7
8 - 9 Jun 22, Techne*,1633, ,33,39,12,4,0,0,6
5 Jun 22, Redfield and Wilton,2000, ,34,38,11,4,4,1,7
1 - 3 Jun 22, YouGov,1830, Times,32,36,12,5,4,1,8
31 May - 1 Jun 22, Techne*,1632, ,32,40,12,4,0,0,6
1 Jun 22, Redfield and Wilton,2000, ,33,39,12,4,4,0,6
30 - 31 May 22, Omnisis,1026, Byline Times,25,48,9,4,5,1,6
27 - 29 May 22, Savanta,2177, ,31,42,11,4,3,1,3
29 May 22, Redfield and Wilton,2000, ,36,43,10,3,3,0,5
25 - 27 May 22, Opinium,2000, Observer,33,36,11,4,0,1,8
25 - 26 May 22, Omnisis,1026, Byline Times,29,44,8,4,5,1,5
25 - 26 May 22, Techne*,1629, ,33,40,11,4,0,0,6
25 May 22, Redfield and Wilton,1500, ,31,40,14,4,3,0,5
24 - 25 May 22, YouGov,1755, Times,31,39,12,4,4,1,7
19 - 23 May 22, Kantar Public,1087, ,32,38,13,3,3,0,8
22 May 22, Redfield and Wilton,2000, ,33,39,12,4,4,1,5
18 - 19 May 22, YouGov,1692, Times,31,39,12,5,4,1,7
18 - 19 May 22, Savanta,2021, Daily Mail,34,40,10,4,2,1,4
18 - 19 May 22, Techne*,1635, ,35,39,10,4,0,0,6
18 May 22, Redfield and Wilton,1500, ,33,39,12,4,5,1,4
11 - 17 May 22, Ipsos*,1013, ,33,39,12,6,1,1,5
13 - 15 May 22, Savanta,2196, ,34,41,10,4,2,1,4
15 May 22, Redfield and Wilton,2000, ,35,39,12,4,3,0,6
11 - 13 May 22, Opinium,2000, Observer,34,37,12,4,0,1,7
11 - 12 May 22, Techne*,1634, ,34,39,11,4,0,0,6
10 - 11 May 22, YouGov,1990, Times,33,38,12,4,3,1,6
8 May 22, Redfield and Wilton,2000, ,33,39,12,5,2,0,7
6 - 8 May 22, Savanta,2161, ,34,39,11,4,3,1,3
5 - 6 May 22, YouGov,1707, Times,35,36,10,5,4,1,8
4 - 5 May 22, Techne*,1635, ,34,40,10,4,0,0,5
1 May 22, Redfield and Wilton,2000, ,33,41,12,4,3,1,5
29 Apr - 1 May 22, Savanta,2236, ,35,41,9,4,3,0,4
20 - 28 Apr 22, Ipsos*,1006, ,35,40,10,5,1,0,7
27 - 28 Apr 22, Techne*,1633, ,35,40,9,4,0,0,6
26 - 27 Apr 22, YouGov,1779, Times,33,39,11,5,3,0,6
22 - 26 Apr 22, Survation,2587, Good Morning Britain,33,42,9,4,2,1,4
14 - 26 Apr 22, Opinium,4000, Progressive Britain,35,37,10,4,0,1,7
24 Apr 22, Redfield and Wilton,2000, ,34,42,11,4,4,1,4
22 - 24 Apr 22, Savanta,2231, Independent,34,40,11,4,3,1,3
20 - 22 Apr 22, Opinium,2002, Observer,34,36,10,4,0,1,8
20 - 21 Apr 22, Techne*,1631, ,34,40,10,4,0,0,5
19 - 20 Apr 22, YouGov,2079, Times,33,39,9,4,3,1,8
17 Apr 22, Redfield and Wilton,2000, ,34,42,10,5,3,0,5
13 - 14 Apr 22, Deltapoll,1550, Mail on Sunday,32,43,9,5,2,1,6
13 - 14 Apr 22, YouGov,1960, Times,33,38,10,4,5,1,7
12 - 13 Apr 22, Techne*,1628, ,34,41,9,4,0,0,5
7 - 11 Apr 22, Kantar Public,1152, ,34,37,11,5,4,1,7
10 Apr 22, Redfield and Wilton,2000, ,34,42,8,4,4,1,5
8 - 10 Apr 22, Savanta,2145, ,34,40,9,4,3,0,4
6 - 8 Apr 22, Omnisis,918, Byline Times,25,49,6,4,3,1,6
6 - 8 Apr 22, Opinium,2004, Observer,34,38,10,4,0,1,7
6 - 7 Apr 22, YouGov,1826, Times,34,37,10,4,4,1,7
6 - 7 Apr 22, Techne*,1635, ,35,40,10,4,0,0,4
1 - 3 Apr 22, Savanta,2220, ,33,40,11,5,3,1,4
3 Apr 22, Redfield and Wilton,2000, ,36,42,9,3,3,1,4
30 - 31 Mar 22, Techne*,1624, ,36,39,9,5,0,0,5
29 - 30 Mar 22, YouGov,2006, Times,33,37,9,6,5,1,6
28 - 30 Mar 22, Survation,2033, ,35,42,9,4,2,1,3
27 Mar 22, Redfield and Wilton,2000, ,35,37,9,6,5,1,5
25 - 27 Mar 22, Savanta,2226, ,35,39,11,5,3,0,3
23 - 25 Mar 22, Opinium,2002, Observer,36,38,9,4,0,1,7
23 - 24 Mar 22, Techne*,1641, ,35,40,10,4,0,0,5
23 - 24 Mar 22, YouGov,1759, Times,35,37,10,4,4,1,7
22 - 23 Mar 22, YouGov,1810, Times,35,36,9,4,5,1,8
17 - 21 Mar 22, Kantar Public,1042, ,36,36,12,3,3,0,6
20 Mar 22, Redfield and Wilton,2000, ,35,40,11,4,2,0,7
18 - 20 Mar 22, Savanta,2203, Independent,35,39,10,4,3,0,4
16 - 17 Mar 22, YouGov,1761, Times,33,39,10,5,4,1,7
16 - 17 Mar 22, Techne*,1636, ,35,39,10,4,0,0,6
9 - 16 Mar 22, Ipsos*,1000, ,35,39,10,5,1,0,7
11 - 13 Mar 22, Savanta,2192, ,35,40,9,4,3,1,3
13 Mar 22, Redfield and Wilton,2000, ,36,39,10,4,4,1,6
8 - 11 Mar 22, Deltapoll,2003, ,34,40,10,5,2,1,5
9 - 11 Mar 22, Opinium,2007, Observer,35,37,9,4,0,1,7
9 - 10 Mar 22, Techne*,1641, ,36,38,9,4,0,0,6
8 - 9 Mar 22, YouGov,1700, Times,33,39,10,4,4,1,7
7 Mar 22, Redfield and Wilton,2000, ,37,40,10,4,2,0,5
4 - 7 Mar 22, Survation,2034, 38 Degrees,37,40,9,5,0,1,5
4 - 6 Mar 22, Savanta,2222, ,34,41,9,5,3,1,4
3 - 4 Mar 22, YouGov,1658, Times,35,37,7,5,5,1,8
2 - 3 Mar 22, Techne*,1631, ,35,38,10,4,0,0,6
28 Feb 22, Redfield and Wilton,2000, ,35,38,12,5,4,0,5
25 - 27 Feb 22, Savanta,2208, ,34,42,9,4,3,1,3
23 - 25 Feb 22, Opinium,2068, Observer,34,38,11,4,0,1,6
24 - 25 Feb 22, YouGov,1741, Times,34,39,9,5,5,1,6
23 - 24 Feb 22, Techne*,1635, ,35,39,9,4,0,0,6
22 - 23 Feb 22, Omnisis,1004, Byline Times,27,46,8,5,4,1,7
21 Feb 22, Redfield and Wilton,2000, ,33,39,11,5,4,1,7
17 - 21 Feb 22, Kantar Public,1090, ,34,39,12,4,2,0,6
17 - 21 Feb 22, Survation,2050, ,35,42,9,4,2,1,3
14 - 18 Feb 22, Find Out Now,12700, ,31,39,10,5,3,1,8
16 - 17 Feb 22, Techne*,1625, ,34,39,10,4,0,0,6
16 - 17 Feb 22, YouGov,1677, Times,34,38,10,4,4,1,6
14 Feb 22, Redfield and Wilton,2000, ,33,38,11,4,5,1,6
11 - 13 Feb 22, Savanta,2226, ,32,41,11,4,3,1,4
9 - 11 Feb 22, Opinium,2015, Observer,34,37,11,3,0,1,6
10 - 11 Feb 22, YouGov,1720, Times,34,37,10,5,4,1,8
8 - 9 Feb 22, Techne*,1635, ,33,41,9,4,0,0,6
7 Feb 22, Redfield and Wilton,2000, ,32,42,9,4,4,1,6
4 - 6 Feb 22, Savanta,2232, ,33,42,9,4,3,1,5
3 - 4 Feb 22, Deltapoll,1587, Sun on Sunday,34,41,10,4,2,1,5
1 - 2 Feb 22, Techne*,1631, ,32,40,10,4,0,0,6
1 - 2 Feb 22, YouGov,1661, Times,32,41,10,5,4,1,6
31 Jan 22, Redfield and Wilton,2000, ,33,40,11,4,3,1,6
28 - 30 Jan 22, Savanta,2283, ,33,44,9,4,3,1,3
27 - 28 Jan 22, Opinium,2008, Observer,34,39,9,5,0,1,5
25 - 27 Jan 22, Deltapoll,1515, Mirror,32,42,10,5,1,1,6
26 - 27 Jan 22, YouGov,1656, Times,32,38,11,5,3,1,7
26 Jan 22, Omnisis,1005, Byline Times,28,48,7,5,4,0,6
19 - 25 Jan 22, Ipsos*,1059, ,31,40,13,4,1,0,9
25 Jan 22, Survation,1117, Daily Mail,35,40,10,5,3,1,3
24 Jan 22, Redfield and Wilton,2000, ,34,41,11,5,3,0,5
20 - 24 Jan 22, Kantar Public,1086, ,34,38,11,5,2,1,7
11 - 23 Jan 22, JL Partners,4561, ,32,42,10,5,2,0,7
21 - 23 Jan 22, Savanta,2232, ,32,40,11,5,3,1,4
20 - 21 Jan 22, YouGov,1668, Times,32,39,8,5,4,1,8
20 Jan 22, Omnisis,1015, Byline Times,27,45,8,5,4,1,7
17 Jan 22, Redfield and Wilton,2000, ,30,43,9,4,4,1,7
14 - 17 Jan 22, Survation,2036, 38 Degrees,33,43,10,4,2,1,3
12 - 16 Jan 22, Deltapoll,4292, ,32,41,11,5,2,1,5
14 - 16 Jan 22, Savanta,2166, ,32,41,11,5,3,1,4
12 - 14 Jan 22, Opinium,2005, Observer,31,41,9,4,0,1,6
13 - 14 Jan 22, YouGov,1683, Times,31,39,11,5,5,1,6
13 - 14 Jan 22, Savanta,2151, ,32,42,11,4,2,1,4
13 Jan 22, Find Out Now,2128, ,27,41,11,5,5,1,8
12 - 13 Jan 22, YouGov,1690, Times,29,40,11,5,6,1,6
12 - 13 Jan 22, Focaldata,1003, ,33,42,11,4,3,1,4
11 - 12 Jan 22, YouGov,1666, Times,28,38,13,5,4,2,7
10 Jan 22, Redfield and Wilton,2000, ,35,39,12,4,4,0,5
7 - 9 Jan 22, Savanta,2207, ,33,37,11,4,4,1,5
6 - 7 Jan 22, YouGov,1744, Times,33,37,10,5,5,1,6
5 - 7 Jan 22, Opinium,2101, Observer,34,39,11,4,0,1,5
3 Jan 22, Redfield and Wilton,2000, ,35,38,10,5,4,0,5
23 - 30 Dec 21, Deltapoll,1567, Mail on Sunday,35,40,10,5,3,1,4
21 - 23 Dec 21, Opinium,1904, Observer,32,39,11,5,0,1,6
20 - 21 Dec 21, Focaldata,1008, ,34,41,9,4,4,0,4
1 - 21 Dec 21, Focaldata,24373, Times,32,40,10,3,6,1,7
19 - 20 Dec 21, YouGov,1790, Times,30,36,12,6,5,1,8
20 Dec 21, Redfield and Wilton,2000, ,31,39,13,5,5,1,6
17 - 19 Dec 21, Savanta,2096, ,32,37,13,4,4,0,5
16 Dec 21, Savanta,2139, Daily Express,34,38,10,5,4,1,4
14 - 15 Dec 21, Find Out Now,3665, ,30,38,10,2,7,1,10
14 - 15 Dec 21, YouGov,1714, Times,32,37,10,5,6,1,7
13 - 14 Dec 21, Survation,2039, 38 Degrees,34,40,8,5,3,1,4
8 - 13 Dec 21, YouGov,3380, Fabian Society,31,38,8,5,6,1,8
13 Dec 21, Redfield and Wilton,2000, ,32,37,11,4,7,0,7
9 - 13 Dec 21, Kantar Public,1074, ,34,38,11,3,3,1,7
10 - 11 Dec 21, Survation,1218, Good Morning Britain,32,39,9,5,4,1,5
8 - 10 Dec 21, Opinium,2042, Observer,32,41,9,5,0,0,5
9 - 10 Dec 21, YouGov,1741, Times,32,40,8,4,7,1,7
9 - 10 Dec 21, Focaldata,1001, Times Radio,33,41,7,5,6,1,6
9 - 10 Dec 21, Savanta,2118, Daily Mail,33,39,9,5,4,1,4
3 - 10 Dec 21, Ipsos*,1005, ,34,39,11,5,2,1,7
8 - 9 Dec 21, YouGov,1686, Times,33,37,9,5,6,1,7
8 - 9 Dec 21, Survation,1178, Daily Mirror,34,40,10,4,3,1,4
8 Dec 21, Omnisis,1005, Byline Times,30,42,6,5,5,1,8
8 Dec 21, Redfield and Wilton,1500, ,34,38,11,4,5,0,6
6 Dec 21, Redfield and Wilton,2000, ,38,36,9,4,4,0,6
3 - 5 Dec 21, Savanta,2232, ,38,37,9,4,2,1,5
2 - 4 Dec 21, Deltapoll,1553, ,37,38,10,5,2,1,5
1 - 2 Dec 21, YouGov,1708, Times,36,33,9,5,6,1,9
29 Nov - 1 Dec 21, Find Out Now,10272, Telegraph,36,35,11,5,3,1,8
30 Nov - 1 Dec 21, Survation,1060, ,36,39,9,5,3,1,3
29 Nov 21, Redfield and Wilton,2000, ,38,36,10,4,4,1,6
26 - 28 Nov 21, Savanta,2060, ,37,37,8,5,4,1,5
24 - 26 Nov 21, Opinium,1990, Observer,36,38,8,5,0,1,6
24 - 25 Nov 21, YouGov,1692, Times,36,35,7,5,6,1,8
18 - 22 Nov 21, Kantar Public,1119, ,39,36,10,4,2,1,5
19 - 21 Nov 21, Savanta,2184, ,36,38,10,4,3,1,5
21 Nov 21, Redfield and Wilton,2000, ,37,37,9,4,4,0,6
10 - 19 Nov 21, Panelbase,3888, ,38,39,9,4,0,0,6
17 - 18 Nov 21, YouGov,1800, Times,36,34,7,4,5,1,10
15 Nov 21, Redfield and Wilton,2000, ,36,37,10,4,4,1,5
11 - 15 Nov 21, Survation,4014, 38 Degrees,37,37,10,5,2,1,4
11 - 12 Nov 21, Savanta,2019, Daily Mail,34,40,10,5,3,1,5
10 - 12 Nov 21, Opinium,1960, Observer,36,37,9,5,0,1,7
10 - 11 Nov 21, YouGov,1696, Times,35,35,8,5,4,1,10
10 Nov 21, Redfield and Wilton,1500, ,36,38,10,4,3,0,6
5 - 8 Nov 21, Find Out Now,10673, ,36,35,11,5,2,1,8
8 Nov 21, Redfield and Wilton,2000, ,37,36,10,5,5,0,6
5 - 7 Nov 21, Savanta,2231, ,38,35,10,5,3,1,4
5 - 6 Nov 21, Opinium,1840, Observer,37,36,9,5,0,1,6
3 - 5 Nov 21, Deltapoll,1560, ,40,37,8,3,2,1,6
29 Oct - 4 Nov 21, Ipsos*,1007, Evening Standard,35,36,9,5,1,1,11
4 Nov 21, Omnisis,1004, Byline Times,35,41,5,5,5,1,7
3 - 4 Nov 21, YouGov,1699, Times,36,35,8,5,5,0,9
1 Nov 21, Redfield and Wilton,2000, ,40,35,10,4,3,0,6
29 - 31 Oct 21, Savanta,2242, ,40,35,9,5,3,1,4
27 - 29 Oct 21, Opinium,2001, Observer,40,35,8,5,0,1,7
27 - 28 Oct 21, YouGov,1699, Times,39,33,8,5,3,1,10
25 Oct 21, Redfield and Wilton,2000, ,39,36,10,4,4,0,6
22 - 24 Oct 21, Savanta,2258, ,37,35,8,5,4,1,7
20 - 21 Oct 21, YouGov,1677, Times,37,33,9,5,4,1,10
14 - 18 Oct 21, Kantar Public,1075, ,39,34,8,5,2,1,8
18 Oct 21, Redfield and Wilton,2000, ,40,37,9,4,3,1,5
15 - 17 Oct 21, Savanta,2092, ,40,35,8,4,3,1,5
13 - 15 Oct 21, Deltapoll,3043, Mail on Sunday,38,37,9,4,2,1,6
13 - 15 Oct 21, Opinium,2000, Observer,41,37,7,5,0,1,5
12 - 13 Oct 21, YouGov,1659, Times,41,31,9,4,4,1,8
11 - 12 Oct 21, Omnisis,501, Byline Times,44,36,6,6,2,0,4
11 Oct 21, Redfield and Wilton,2000, ,40,36,9,4,4,0,6
8 - 10 Oct 21, Savanta,2103, ,40,35,8,5,2,0,5
6 - 7 Oct 21, Survation,1040, Daily Mirror,39,35,9,4,3,1,5
5 - 6 Oct 21, YouGov,1667, Times,39,31,9,6,4,1,9
4 - 5 Oct 21, Omnisis,1007, Byline Times,34,39,7,5,4,1,8
4 Oct 21, Redfield and Wilton,2000, ,40,37,10,4,3,0,4
1 - 3 Oct 21, Savanta,2095, ,40,35,9,5,3,1,4
29 Sept - 1 Oct 21, Opinium,2004, Observer,39,35,8,6,0,1,6
28 - 29 Sept 21, YouGov,1833, Times,39,31,8,5,4,1,9
29 Sept 21, Survation,1001, ,41,36,8,5,0,0,5
27 Sept 21, Redfield and Wilton,2000, ,41,35,10,4,3,0,5
23 - 27 Sept 21, Kantar Public,1089, ,43,30,11,4,3,1,6
17 - 23 Sept 21, Ipsos*,1008, ,39,36,9,6,0,1,6
22 - 23 Sept 21, YouGov,1690, Times,39,32,10,4,3,1,9
21 - 22 Sept 21, Survation,1060, ,40,35,8,4,0,1,4
20 Sept 21, Redfield and Wilton,2000, ,41,35,8,4,3,0,7
17 - 19 Sept 21, Savanta,2112, ,40,35,9,4,2,1,5
16 - 17 Sept 21, Opinium,2000, Observer,40,37,7,5,0,1,6
15 - 16 Sept 21, YouGov,1635, Times,39,35,7,5,3,1,7
9 - 16 Sept 21, Panelbase,3938, ,41,36,10,4,0,0,5
10 - 14 Sept 21, Survation,2164, ,40,36,9,4,0,1,5
13 Sept 21, Redfield and Wilton,2000, ,39,35,9,4,5,1,6
10 - 12 Sept 21, Savanta,2097, ,39,35,9,4,3,1,6
9 - 11 Sept 21, Opinium,2059, Observer,38,38,8,5,0,0,6
8 - 9 Sept 21, YouGov,1657, Times,33,35,10,5,5,1,9
4 - 8 Sept 21, Omnisis,993, Byline Times,34,39,9,5,3,1,6
6 - 8 Sept 21, Find Out Now,10673, ,37,33,12,5,4,1,8
6 Sept 21, Redfield and Wilton,2000, ,41,32,11,4,4,1,6
3 - 5 Sept 21, Savanta,2087, ,40,36,9,4,3,1,4
2 - 3 Sept 21, YouGov,1653, Times,38,34,8,5,3,1,10
2 - 3 Sept 21, Opinium,2014, Observer,40,35,7,6,0,0,6
2 - 3 Sept 21, Deltapoll,1589, ,41,33,9,3,3,1,7
27 - 29 Aug 21, Savanta,2062, ,40,34,10,4,2,1,5
29 Aug 21, Redfield and Wilton,2000, ,41,33,9,4,4,1,5
25 - 26 Aug 21, YouGov,1754, Times,39,31,8,5,4,1,9
19 - 23 Aug 21, Kantar Public,1094, ,37,34,14,4,2,0,5
23 Aug 21, Redfield and Wilton,2000, ,43,33,10,3,3,0,6
20 - 22 Aug 21, Savanta,2083, ,41,34,9,4,2,1,4
19 - 20 Aug 21, Opinium,2003, Observer,39,36,8,6,0,1,6
17 - 18 Aug 21, YouGov,1703, Times,40,32,9,5,3,1,8
16 Aug 21, Redfield and Wilton,2000, ,40,36,10,5,3,0,5
13 - 15 Aug 21, Savanta,2075, ,41,34,9,4,2,1,4
11 - 12 Aug 21, YouGov,2169, Times,40,32,9,5,2,1,7
9 Aug 21, Redfield and Wilton,2000, ,40,37,9,4,3,1,6
30 Jul - 9 Aug 21, Ipsos*,1113, ,41,30,13,6,0,1,8
6 - 8 Aug 21, Savanta,2047, ,41,33,10,4,2,1,4
5 - 6 Aug 21, YouGov,1730, Times,41,33,8,5,3,1,7
5 - 6 Aug 21, Opinium,2000, Observer,42,35,7,6,0,1,5
2 Aug 21, Redfield and Wilton,2000, ,41,34,11,4,3,0,6
30 Jul - 1 Aug 21, Savanta,2100, ,40,34,10,4,1,0,6
28 - 29 Jul 21, YouGov,1637, Times,39,34,8,4,3,1,9
23 - 26 Jul 21, Deltapoll,1590, ,42,37,6,3,2,1,6
25 Jul 21, Redfield and Wilton,2000, ,40,36,9,4,4,0,6
23 - 25 Jul 21, Savanta,2161, ,40,34,10,4,2,1,4
23 Jul 21, Survation,1013, ,39,37,10,4,0,1,5
22 - 23 Jul 21, Opinium,2000, Observer,43,35,8,5,0,1,5
20 - 21 Jul 21, YouGov,1667, Times,38,34,9,5,3,1,8
19 - 20 Jul 21, Survation,1032, ,39,35,11,4,0,1,5
19 Jul 21, Redfield and Wilton,2000, ,42,33,10,4,3,0,5
16 - 18 Jul 21, Savanta,2127, ,41,34,8,4,2,1,5
15 - 16 Jul 21, YouGov,1761, Times,44,31,8,4,3,1,6
5 - 13 Jul 21, Survation,2119, ,43,32,9,5,0,1,6
12 Jul 21, Redfield and Wilton,2000, ,41,33,12,4,3,0,6
7 - 12 Jul 21, Kantar Public,1057, ,44,31,12,6,1,1,4
9 - 11 Jul 21, Savanta,2137, ,40,35,9,4,2,1,6
8 - 9 Jul 21, Opinium,2001, Observer,43,35,6,5,0,2,6
2 - 8 Jul 21, Ipsos*,1053, ,40,31,13,6,0,1,6
7 - 8 Jul 21, YouGov,2054, Times,42,30,9,5,2,1,7
5 Jul 21, Redfield and Wilton,2000, ,43,34,8,4,4,1,6
2 - 4 Jul 21, Savanta,2176, ,41,35,8,3,3,1,4
18 Jun - 2 Jul 21, Panelbase,3891, Sunday Times,44,33,10,5,0,0,5
29 - 30 Jun 21, YouGov,1762, Times,42,31,10,5,3,1,6
28 Jun 21, Redfield and Wilton,2000, ,41,34,9,5,3,0,5
25 - 27 Jun 21, Savanta,2148, ,42,33,9,4,2,1,5
25 - 26 Jun 21, Survation,1001, ,41,35,10,3,0,1,5
23 - 25 Jun 21, Opinium,2000, Observer,43,35,7,5,0,1,5
23 - 24 Jun 21, YouGov,1758, Times,42,30,9,5,4,1,7
21 Jun 21, Redfield and Wilton,2000, ,44,33,10,4,3,1,4
17 - 20 Jun 21, Deltapoll,2343, ,41,35,10,2,2,0,5
18 - 20 Jun 21, Savanta,2191, ,44,30,10,4,1,1,5
16 - 17 Jun 21, YouGov,1642, Times,45,31,6,5,4,1,7
11 - 15 Jun 21, Survation,2024, ,41,33,8,4,0,0,7
11 - 13 Jun 21, Savanta,2108, ,41,34,8,5,2,1,6
13 Jun 21, Redfield and Wilton,2000, ,44,34,9,4,2,0,5
10 - 12 Jun 21, Deltapoll,1608, Mail on Sunday,46,34,7,2,2,1,5
10 - 11 Jun 21, Opinium,2002, Observer,43,34,6,6,0,1,7
9 - 10 Jun 21, Survation,2017, ,42,35,9,4,0,0,5
9 - 10 Jun 21, YouGov,1630, Times,44,31,7,5,2,1,9
7 Jun 21, Redfield and Wilton,2000, ,43,36,7,5,1,0,5
3 - 7 Jun 21, Kantar Public,1112, ,45,32,8,4,2,1,6
4 - 6 Jun 21, Savanta,2089, ,44,32,8,4,2,1,5
28 May - 3 Jun 21, Ipsos*,1002, ,44,35,6,5,0,1,7
2 - 3 Jun 21, YouGov,1703, Times,46,30,6,4,2,1,9
1 - 2 Jun 21, Survation,1533, ,41,33,9,4,0,1,6
31 May 21, Redfield and Wilton,2000, ,45,34,8,4,3,0,5
28 - 30 May 21, Savanta,2180, ,42,32,9,4,2,1,5
27 - 28 May 21, Opinium,2004, Observer,42,36,6,5,1,1,5
27 - 28 May 21, Survation,1010, Daily Mail,43,33,10,5,0,0,5
27 - 28 May 21, YouGov,1705, Times,43,29,8,5,3,1,8
25 - 26 May 21, Survation,1041, ,44,33,8,4,0,0,6
24 May 21, Redfield and Wilton,2000, ,43,33,10,4,3,1,5
21 - 23 May 21, Savanta,2215, ,43,34,9,4,2,1,4
19 - 20 May 21, YouGov,1699, Times,46,28,8,5,2,1,8
17 May 21, Redfield and Wilton,2000, ,42,33,10,4,2,1,6
14 - 16 May 21, Savanta,2131, ,43,32,8,4,2,1,5
13 - 15 May 21, Find Out Now,14715, ,43,30,7,5,3,1,9
13 - 14 May 21, Opinium,2004, Observer,44,31,8,5,0,1,7
11 - 12 May 21, YouGov,1647, Times,45,30,7,5,2,1,8
10 May 21, Redfield and Wilton,2000, ,45,34,8,4,2,0,5
7 - 9 May 21, Savanta,2152, ,42,34,8,5,2,1,4
4 - 5 May 21, YouGov,1683, Times,43,33,7,5,3,1,6
4 - 5 May 21, Panelbase,1003, ,45,36,6,4,0,0,5
3 May 21, Redfield and Wilton,2000, ,40,38,7,4,3,1,5
30 Apr - 2 May 21, Savanta,2242, ,40,36,8,4,2,1,4
29 - 30 Apr 21, Focaldata,1555, Sunday Times,40,39,6,4,3,1,4
28 - 30 Apr 21, Opinium,2001, Observer,42,37,7,5,0,1,4
27 - 29 Apr 21, Survation,1077, Daily Mail,39,38,9,4,0,0,6
27 - 28 Apr 21, YouGov,1803, Times,44,33,7,4,3,1,7
22 - 26 Apr 21, BMG,1500, Independent,39,35,9,4,3,1,6
22 - 26 Apr 21, Kantar Public,1115, ,41,33,10,5,3,0,7
26 Apr 21, Redfield and Wilton,2000, ,44,34,8,5,3,1,4
23 - 25 Apr 21, Savanta,2144, ,42,35,8,5,2,1,3
21 - 23 Apr 21, Opinium,2000, Observer,44,33,7,6,0,1,5
16 - 22 Apr 21, Ipsos*,1090, ,40,37,8,6,2,1,5
21 - 22 Apr 21, YouGov,1730, Times,44,34,5,5,2,1,7
15 - 19 Apr 21, Survation,1008, ,40,34,9,4,0,1,7
19 Apr 21, Redfield and Wilton,2000, ,44,34,10,4,3,1,4
16 - 18 Apr 21, Savanta,2094, ,43,34,7,5,1,1,4
13 - 14 Apr 21, YouGov,1689, Times,43,29,8,5,3,1,8
12 Apr 21, Redfield and Wilton,2000, ,43,36,7,4,3,1,5
9 - 11 Apr 21, Savanta,2174, ,42,35,7,5,2,1,4
8 - 10 Apr 21, Survation,1008, ,43,35,8,3,0,1,4
8 - 10 Apr 21, Deltapoll,2343, ,45,36,6,2,4,0,4
8 - 9 Apr 21, Opinium,2006, Observer,45,36,6,6,0,1,4
7 - 8 Apr 21, YouGov,1705, Times,41,34,6,5,3,1,6
5 Apr 21, Redfield and Wilton,2000, ,44,34,9,4,2,0,5
2 - 4 Apr 21, Savanta,2065, ,42,35,8,4,2,1,3
31 Mar - 1 Apr 21, YouGov,1736, Times,42,34,7,5,3,1,6
25 - 29 Mar 21, Kantar Public,1102, ,42,34,9,7,2,1,4
29 Mar 21, Redfield and Wilton,2000, ,44,36,7,4,2,1,4
25 - 27 Mar 21, Deltapoll,1610, Mail on Sunday,44,36,6,2,3,0,4
25 - 26 Mar 21, Opinium,2002, Observer,41,37,6,6,1,1,5
25 - 26 Mar 21, YouGov,1742, Times,42,32,8,5,3,1,7
22 Mar 21, Redfield and Wilton,2000, ,42,36,9,4,2,1,6
19 - 21 Mar 21, Savanta,2098, ,42,38,6,4,2,1,3
16 - 19 Mar 21, BMG,1498, Independent,39,37,9,4,3,1,6
18 - 19 Mar 21, YouGov,1692, Times,43,34,5,5,3,1,7
15 Mar 21, Redfield and Wilton,2000, ,43,36,7,4,3,0,5
12 - 14 Mar 21, Savanta,2092, ,39,37,8,4,3,1,4
11 - 12 Mar 21, Opinium,2001, Observer,43,37,6,5,0,1,4
5 - 12 Mar 21, Ipsos*,1009, ,45,38,6,5,1,0,5
9 - 10 Mar 21, YouGov,1680, Times,42,33,7,4,3,1,6
9 - 10 Mar 21, Survation,1037, Sunday Mirror,43,33,9,5,1,1,5
8 Mar 21, Redfield and Wilton,2000, ,45,36,7,4,3,0,4
5 - 7 Mar 21, Savanta,1285, ,42,36,8,4,3,1,4
3 - 4 Mar 21, YouGov,1715, Times,45,32,6,5,3,1,7
1 Mar 21, Redfield and Wilton,1500, ,44,38,7,4,2,0,3
26 - 28 Feb 21, Savanta,2182, ,43,36,7,4,3,1,3
25 - 26 Feb 21, YouGov,1637, Times,41,36,5,5,3,1,7
24 - 26 Feb 21, Deltapoll,1527, Mail on Sunday,42,38,6,2,3,0,4
24 - 26 Feb 21, Opinium,2003, Observer,43,36,7,6,0,1,4
23 - 25 Feb 21, Survation,1002, ,42,34,7,5,0,1,6
18 - 22 Feb 21, Kantar Public,1114, ,40,33,11,4,3,1,6
22 Feb 21, Redfield and Wilton,2000, ,43,37,7,4,3,0,5
19 - 21 Feb 21, Savanta,2189, ,40,38,7,4,3,1,3
17 - 18 Feb 21, YouGov,1663, Times,40,37,7,5,3,1,6
15 Feb 21, Redfield and Wilton,2000, ,41,39,8,5,2,0,5
12 - 14 Feb 21, Savanta,2170, ,42,37,7,4,2,0,3
11 - 12 Feb 21, Opinium,2006, Observer,42,37,6,5,0,1,5
9 - 10 Feb 21, YouGov,1660, Times,41,36,6,5,3,1,7
8 Feb 21, Redfield and Wilton,2000, ,43,38,7,5,2,0,4
5 - 7 Feb 21, Savanta,2119, ,41,37,8,4,2,1,4
5 - 6 Feb 21, Survation,1003, ,39,33,9,5,0,1,7
29 Jan - 4 Feb 21, Ipsos*,1056, ,42,38,7,5,0,0,8
2 - 3 Feb 21, YouGov,1684, Times,41,37,6,5,3,1,6
1 Feb 21, Redfield and Wilton,2000, ,40,38,8,5,3,0,4
29 - 31 Jan 21, Savanta,2288, ,41,38,6,5,2,1,3
28 - 29 Jan 21, Opinium,2002, Observer,41,38,7,5,1,1,4
26 - 27 Jan 21, YouGov,1721, Times,37,41,6,5,3,1,6
21 - 25 Jan 21, Kantar Public,1100, ,40,37,10,4,2,0,5
25 Jan 21, Redfield and Wilton,2000, ,42,37,8,5,3,0,4
22 - 24 Jan 21, Savanta,2070, ,40,37,8,5,2,0,3
21 - 23 Jan 21, Deltapoll,1632, Mail on Sunday,41,39,7,4,2,0,3
21 - 22 Jan 21, YouGov,1703, Times,39,38,5,5,4,1,6
18 Jan 21, Redfield and Wilton,2000, ,40,38,8,4,2,0,5
15 - 17 Jan 21, Savanta,1914, ,39,37,7,5,2,0,3
14 - 15 Jan 21, Opinium,2003, Observer,37,41,6,6,0,1,4
13 - 14 Jan 21, YouGov,1702, Times,38,39,5,5,3,1,6
12 - 13 Jan 21, Survation,1033, ,40,38,7,4,0,1,5
11 Jan 21, Redfield and Wilton,2000, ,41,37,8,5,2,0,5
8 - 10 Jan 21, Savanta,2302, ,40,37,8,4,2,1,4
6 - 7 Jan 21, Opinium,2003, Observer,39,40,6,5,0,1,4
4 - 5 Jan 21, YouGov,1704, Times,39,39,6,5,3,1,6
26 - 30 Dec 20, Deltapoll,1608, Mirror,43,38,4,5,3,0,5
4 - 29 Dec 20, Focaldata,22186, ,36,38,9,4,4,0,7
21 - 22 Dec 20, YouGov,1713, Times,37,41,5,5,4,1,5
22 Dec 20, Survation,1011, ,39,38,8,5,1,1,4
18 - 21 Dec 20, Savanta,2211, ,41,39,8,5,2,1,4
16 - 17 Dec 20, Opinium,2001, Observer,39,39,6,5,0,1,4
15 - 16 Dec 20, YouGov,1898, Times,39,37,6,5,4,1,6
10 - 14 Dec 20, Kantar Public,1137, ,38,37,10,5,3,1,5
11 - 13 Dec 20, Savanta,2026, ,38,37,8,5,4,0,5
4 - 10 Dec 20, Survation,3452, ,39,37,8,5,1,1,5
4 - 10 Dec 20, Ipsos*,1027, ,41,41,6,5,0,1,5
8 - 9 Dec 20, YouGov,1699, Times,37,37,8,5,5,1,6
27 Nov - 8 Dec 20, Opinium,6949, ,40,38,6,5,0,1,4
3 - 4 Dec 20, Opinium,2002, Observer,38,40,6,6,0,1,3
2 - 3 Dec 20, YouGov,1706, Times,38,38,6,5,3,1,5
2 Dec 20, Redfield and Wilton,2000, ,40,37,9,5,0,1,6
27 - 29 Nov 20, Savanta,2178, ,39,38,8,5,3,1,3
26 - 28 Nov 20, Deltapoll,1525, Mail on Sunday,37,38,9,4,3,1,4
26 - 27 Nov 20, YouGov,1696, Times,37,40,5,6,5,1,5
20 - 22 Nov 20, Savanta,2090, ,39,37,7,5,3,1,4
19 - 20 Nov 20, Opinium,2001, Observer,41,38,6,6,0,1,4
19 Nov 20, Redfield and Wilton,2500, ,40,39,8,5,0,0,4
17 - 18 Nov 20, YouGov,1700, Times,38,40,5,5,4,1,5
13 - 15 Nov 20, Savanta,2075, ,41,38,5,5,2,0,4
11 - 12 Nov 20, YouGov,1632, Times,38,40,5,5,4,1,5
11 Nov 20, Redfield and Wilton,2500, ,40,40,7,5,0,0,5
5 - 9 Nov 20, Kantar Public,1141, ,40,36,8,5,3,0,5
6 - 9 Nov 20, Savanta,2130, ,40,36,8,5,2,0,5
5 - 6 Nov 20, Opinium,2003, Observer,38,42,7,5,0,1,3
5 - 6 Nov 20, Survation,1034, ,39,37,9,5,2,0,4
4 - 5 Nov 20, YouGov,1665, Times,35,40,7,5,6,1,4
30 Oct - 2 Nov 20, Savanta,2126, ,40,40,7,5,2,0,4
28 - 29 Oct 20, YouGov,1658, Times,38,38,6,5,4,1,5
22 - 28 Oct 20, Ipsos*,1007, ,37,42,8,6,1,1,5
28 Oct 20, Redfield and Wilton,3000, ,39,41,7,4,0,0,4
23 - 26 Oct 20, Savanta,2111, ,42,39,7,4,2,0,3
22 - 24 Oct 20, Deltapoll,1589, Mail on Sunday,42,39,7,3,3,0,3
22 - 23 Oct 20, Opinium,2002, Observer,38,40,6,5,0,1,5
21 - 22 Oct 20, YouGov,1665, Times,40,39,7,5,3,1,5
21 Oct 20, Redfield and Wilton,3000, ,40,40,7,5,0,0,4
16 - 18 Oct 20, Savanta,2274, ,42,36,8,4,2,1,3
14 - 15 Oct 20, YouGov,1675, Times,39,38,6,5,5,1,6
9 - 14 Oct 20, Savanta,2123, ,39,39,7,5,3,1,4
8 - 9 Oct 20, Opinium,2001, Observer,40,40,6,6,0,1,3
6 - 7 Oct 20, Redfield and Wilton,3000, ,41,39,8,4,0,0,4
6 - 7 Oct 20, YouGov,1673, Times,41,38,5,5,3,1,6
5 - 6 Oct 20, Survation,1022, ,41,37,7,4,1,1,4
2 - 4 Oct 20, Savanta,2081, ,42,39,7,4,2,1,3
30 Sept - 1 Oct 20, Redfield and Wilton,4000, ,39,39,8,5,0,0,5
29 - 30 Sept 20, YouGov,1700, Times,39,39,6,5,4,1,5
25 - 28 Sept 20, Savanta,2112, ,41,38,8,5,2,0,3
23 - 25 Sept 20, Opinium,2002, Observer,39,42,5,6,0,1,4
24 - 25 Sept 20, Deltapoll,1583, Mail on Sunday,42,38,6,5,3,0,4
23 - 24 Sept 20, YouGov,1623, Times,41,38,6,4,3,1,5
22 - 23 Sept 20, Redfield and Wilton,2010, ,40,40,7,4,0,0,5
17 - 21 Sept 20, Kantar Public,1125, ,40,38,9,4,3,1,4
18 - 20 Sept 20, Savanta,2109, ,40,37,8,5,3,0,3
11 - 18 Sept 20, Ipsos*,1013, ,40,37,8,7,0,0,5
16 - 17 Sept 20, YouGov,1618, Times,40,40,6,4,3,1,5
15 - 16 Sept 20, Survation,1003, ,40,38,7,5,1,1,4
15 - 16 Sept 20, Redfield and Wilton,2500, ,41,39,8,5,0,0,5
9 - 11 Sept 20, Opinium,2001, Observer,42,39,6,5,0,1,4
8 - 9 Sept 20, YouGov,1615, Times,43,37,6,6,3,1,4
2 - 4 Sept 20, Survation,1047, ,40,38,8,5,1,1,4
3 - 4 Sept 20, YouGov,1633, Times,43,37,6,6,3,1,4
1 - 2 Sept 20, Redfield and Wilton,2500, ,43,37,8,4,0,0,4
26 - 28 Aug 20, Opinium,2002, Observer,40,40,6,5,0,0,3
24 - 25 Aug 20, YouGov,1669, Times,43,36,6,6,3,1,4
24 Aug 20, Redfield and Wilton,2000, ,42,37,9,4,0,0,5
21 Aug 20, Survation,1005, ,41,37,9,5,1,0,4
18 - 19 Aug 20, YouGov,1652, Times,40,38,6,5,4,1,6
19 Aug 20, Redfield and Wilton,2000, ,44,37,7,4,0,0,4
14 - 16 Aug 20, Savanta,2083, ,42,37,7,4,2,1,3
13 - 14 Aug 20, Opinium,2005, Observer,42,39,5,5,0,1,3
12 Aug 20, Redfield and Wilton,2000, ,43,36,9,4,0,0,4
11 - 12 Aug 20, YouGov,1634, Times,44,35,5,5,3,1,5
6 - 10 Aug 20, Kantar Public,1161, ,42,35,8,6,3,1,3
4 - 5 Aug 20, YouGov,1606, Times,42,36,8,5,2,1,5
30 Jul - 4 Aug 20, Ipsos*,1019, ,45,37,6,5,1,0,5
31 Jul - 3 Aug 20, Survation,1019, ,44,35,8,4,0,0,5
30 - 31 Jul 20, Opinium,2002, Observer,41,38,6,6,0,1,4
30 - 31 Jul 20, YouGov,1623, Times,43,35,6,5,3,1,5
29 Jul 20, Redfield and Wilton,2000, ,43,38,7,4,0,0,4
23 - 24 Jul 20, Opinium,2002, Observer,42,38,6,5,0,1,4
22 - 23 Jul 20, YouGov,1648, Times,44,35,7,5,3,1,4
22 Jul 20, Redfield and Wilton,2000, ,44,36,8,4,0,1,5
17 - 19 Jul 20, Savanta,2085, ,43,37,6,5,2,1,2
15 - 17 Jul 20, Opinium,2003, Observer,44,36,6,6,0,1,4
15 Jul 20, Redfield and Wilton,2000, ,44,37,8,4,0,0,4
9 - 13 Jul 20, Kantar Public,1131, ,45,35,9,5,2,1,2
10 - 12 Jul 20, Survation,2022, ,42,36,8,4,1,1,5
9 - 10 Jul 20, Opinium,2002, Observer,42,38,6,6,0,1,4
9 - 10 Jul 20, Deltapoll,1543, ,44,38,7,3,3,0,3
8 - 9 Jul 20, YouGov,1614, Times,46,36,6,5,2,1,3
8 Jul 20, Redfield and Wilton,2000, ,44,39,7,4,0,0,4
3 - 6 Jul 20, Survation,1012, ,44,37,7,4,0,0,4
2 - 3 Jul 20, Deltapoll,1549, Mail on Sunday,41,36,7,3,4,0,5
1 - 3 Jul 20, Opinium,2002, Observer,41,37,8,5,0,1,4
1 Jul 20, Redfield and Wilton,2000, ,42,38,8,4,0,0,5
26 - 28 Jun 20, YouGov,1626, Times,45,37,5,5,2,1,4
25 - 26 Jun 20, Opinium,2001, Observer,43,39,6,5,0,1,4
24 - 25 Jun 20, Survation,2003, ,43,36,8,5,0,0,4
25 Jun 20, Redfield and Wilton,2000, ,44,38,7,4,0,0,4
18 - 19 Jun 20, Opinium,2001, Observer,44,40,5,5,0,1,3
18 Jun 20, Redfield and Wilton,2000, ,43,38,8,4,0,0,4
11 - 15 Jun 20, Kantar Public,1124, ,43,35,8,5,2,0,4
12 - 14 Jun 20, Savanta,2106, ,40,36,9,5,3,1,3
11 - 12 Jun 20, Opinium,2001, Observer,44,39,6,6,0,0,2
11 - 12 Jun 20, YouGov,1693, Times,45,37,6,5,2,1,4
11 Jun 20, Redfield and Wilton,1500, ,41,39,9,5,0,0,4
9 - 10 Jun 20, Survation,1062, ,42,36,8,5,1,0,4
5 - 10 Jun 20, Ipsos*,1059, ,43,38,10,4,0,0,3
4 - 5 Jun 20, Deltapoll,1547, ,41,38,8,2,3,0,4
4 - 5 Jun 20, Opinium,2002, Observer,43,40,6,5,0,1,3
3 Jun 20, Survation,1018, ,41,39,7,4,1,1,4
3 Jun 20, Redfield and Wilton,1500, ,43,36,9,4,0,1,5
29 - 30 May 20, YouGov,1650, Times,45,35,6,5,2,0,5
28 - 29 May 20, Opinium,2012, Observer,43,39,6,5,0,1,3
27 - 28 May 20, Deltapoll,1557, Mail on Sunday,43,38,8,3,2,0,4
27 May 20, Redfield and Wilton,1500, ,43,37,9,5,0,0,3
26 - 27 May 20, YouGov,2029, Datapraxis,43,38,6,5,3,1,4
25 - 26 May 20, YouGov,1629, Times,44,38,6,5,2,1,4
22 - 26 May 20, Survation,1040, ,46,33,8,5,0,0,4
21 - 22 May 20, Opinium,2008, Observer,47,35,6,5,0,0,3
18 - 19 May 20, YouGov,1718, Times,48,33,6,5,2,1,5
15 - 17 May 20, Savanta,2079, ,46,33,7,4,2,0,4
15 May 20, Redfield and Wilton,1500, ,47,35,9,4,0,0,3
13 - 14 May 20, Opinium,2007, Observer,49,34,6,5,0,1,3
5 - 11 May 20, Kantar Public,1130, ,51,32,7,5,2,1,2
5 - 7 May 20, Opinium,2005, Observer,49,33,6,5,0,1,5
6 May 20, Redfield and Wilton,1500, ,50,31,7,4,0,0,5
5 - 6 May 20, YouGov,1667, Times,50,30,7,4,3,1,5
29 Apr - 1 May 20, Opinium,2000, Observer,51,33,6,5,0,1,3
27 - 28 Apr 20, Survation,1023, ,48,31,8,4,1,1,5
26 Apr 20, Redfield and Wilton,1500, ,50,33,7,5,0,0,4
21 - 23 Apr 20, Opinium,2005, Observer,50,33,7,5,0,0,3
16 - 20 Apr 20, Kantar Public,1118, ,54,28,9,4,1,1,4
15 - 17 Apr 20, Opinium,2000, Observer,51,32,6,5,0,0,3
17 Apr 20, Redfield and Wilton,1500, ,52,31,8,4,0,1,3
16 - 17 Apr 20, YouGov,2015, Times,53,32,5,4,1,1,3
7 - 9 Apr 20, BMG,1541, Independent,46,29,10,3,2,1,6
7 - 9 Apr 20, Opinium,2005, Observer,55,29,5,5,0,0,4
1 - 3 Apr 20, Opinium,2000, Observer,53,30,7,5,0,1,3
1 - 2 Apr 20, Redfield and Wilton,2000, ,49,29,8,4,0,1,4
1 - 2 Apr 20, YouGov,1631, Times,52,28,8,5,1,1,5
26 - 27 Mar 20, Opinium,2006, Observer,54,28,6,5,0,1,3
13 - 16 Mar 20, Ipsos*,1003, ,52,30,9,4,0,1,4
12 - 13 Mar 20, Opinium,2005, Observer,49,32,6,5,0,1,5
5 - 9 Mar 20, Kantar Public,1171, ,50,29,11,4,1,1,2
3 - 6 Mar 20, BMG,1498, Independent,45,28,11,3,3,1,6
19 - 20 Feb 20, Savanta,2005, Sunday Express,47,31,9,4,3,1,4
12 - 14 Feb 20, Opinium,2007, Observer,47,32,7,6,2,1,4
12 Feb 20, Redfield and Wilton,1216, ,49,30,9,4,0,1,5
9 - 10 Feb 20, YouGov,1694, Times,48,28,10,4,2,1,6
4 - 7 Feb 20, BMG,1503, Independent,41,29,11,5,3,1,8
31 Jan - 3 Feb 20, Ipsos*,1001, ,47,30,11,5,1,1,5
31 Jan - 2 Feb 20, YouGov,1575, Times,49,30,8,4,2,1,5
30 - 31 Jan 20, Survation,1015, ,44,33,10,5,3,0,3
24 - 26 Jan 20, YouGov,1628, Times,49,29,10,5,2,1,4
15 - 17 Jan 20, Opinium,2002, Observer,47,30,9,5,3,1,4
8 - 10 Jan 20, BMG,1508, Independent,44,29,11,3,4,0,5
